time,left_1,left_2,left_3
0,0.985238362750799,-0.770562864755496,-0.635474380651135
1.0010011011011,0.981199675829901,-0.773972588785426,-0.635357926181558
2.0020022022022,0.977205974049479,-0.777352382378692,-0.635264368950572
3.0030033033033,0.973257012817911,-0.780702345730578,-0.635193591506157
4.0040044044044,0.969352547543579,-0.784022579036364,-0.635145476396293
5.00500550550551,0.965492333634862,-0.787313182491333,-0.635119906168956
6.00600660660661,0.961676126500139,-0.790574256290767,-0.635116763372129
7.00700770770771,0.957903681547791,-0.793805900629947,-0.635135930553787
8.00800880880881,0.954174754186198,-0.797008215704156,-0.635177290261912
9.00900990990991,0.950489099823739,-0.800181301708676,-0.635240725044481
10.010011011011,0.946846473868794,-0.803325258838788,-0.635326117449474
11.0110121121121,0.943246631729742,-0.806440187289775,-0.63543335002487
12.0120132132132,0.939689328814965,-0.809526187256917,-0.635562305318648
13.0130143143143,0.936174320532841,-0.812583358935498,-0.635712865878786
14.0140154154154,0.932701362291751,-0.8156118025208,-0.635884914253264
15.0150165165165,0.929270209500074,-0.818611618208103,-0.636078332990061
16.0160176176176,0.925880617566191,-0.821582906192691,-0.636293004637156
17.0170187187187,0.92253234189848,-0.824525766669845,-0.636528811742527
18.0180198198198,0.919225137905322,-0.827440299834847,-0.636785636854153
19.0190209209209,0.915958760995097,-0.830326605882979,-0.637063362520014
20.020022022022,0.912732966576184,-0.833184785009522,-0.637361871288089
21.0210231231231,0.909547510056964,-0.83601493740976,-0.637681045706356
22.0220242242242,0.906402146845816,-0.838817163278973,-0.638020768322795
23.0230253253253,0.903296632351119,-0.841591562812445,-0.638380921685385
24.0240264264264,0.900230721981255,-0.844338236205456,-0.638761388342104
25.0250275275275,0.897204171144603,-0.847057283653288,-0.639162050840931
26.0260286286286,0.894216735249541,-0.849748805351224,-0.639582791729846
27.0270297297297,0.891268169704452,-0.852412901494546,-0.640023493556826
28.0280308308308,0.888358229917713,-0.855049672278535,-0.640484038869853
29.0290319319319,0.885486671297706,-0.857659217898473,-0.640964310216904
30.030033033033,0.88265324925281,-0.860241638549643,-0.641464190145958
31.0310341341341,0.879857719191404,-0.862797034427327,-0.641983561204995
32.0320352352352,0.877099836521869,-0.865325505726805,-0.642522305941993
33.0330363363363,0.874379356652585,-0.867827152643361,-0.643080306904931
34.0340374374374,0.87169603499193,-0.870302075372275,-0.643657446641788
35.0350385385385,0.869049626948286,-0.872750374108831,-0.644253607700544
36.0360396396396,0.866439887930032,-0.87517214904831,-0.644868672629177
37.0370407407407,0.863866573345547,-0.877567500385994,-0.645502523975666
38.0380418418418,0.861329438603212,-0.879936528317165,-0.64615504428799
39.0390429429429,0.858828239111407,-0.882279333037104,-0.646826116114129
40.040044044044,0.856362730278511,-0.884596014741095,-0.64751562200206
41.0410451451451,0.853932667512904,-0.886886673624418,-0.648223444499764
42.0420462462463,0.851537806222966,-0.889151409882356,-0.648949466155219
43.0430473473473,0.849177901817077,-0.89139032371019,-0.649693569516404
44.0440484484485,0.846852709703616,-0.893603515303203,-0.650455637131298
45.0450495495496,0.844561985290964,-0.895791084856677,-0.65123555154788
46.0460506506507,0.842305483987501,-0.897953132565893,-0.652033195314128
47.0470517517518,0.840082961201606,-0.900089758626133,-0.652848450978023
48.0480528528529,0.837894172341658,-0.90220106323268,-0.653681201087544
49.049053953954,0.835738872816038,-0.904287146580815,-0.654531328190667
50.0500550550551,0.833616818033127,-0.906348108865821,-0.655398714835374
51.0510561561562,0.831527763401302,-0.908384050282978,-0.656283243569643
52.0520572572573,0.829471464328945,-0.91039507102757,-0.657184796941452
53.0530583583584,0.827447676224436,-0.912381271294878,-0.658103257498782
54.0540594594595,0.825456154496153,-0.914342751280184,-0.65903850778961
55.0550605605606,0.823496654552477,-0.916279611178769,-0.659990430361916
56.0560616616617,0.821568931801789,-0.918191951185917,-0.660958907763679
57.0570627627628,0.819672741652466,-0.920079871496908,-0.661943822542878
58.0580638638639,0.81780783951289,-0.921943472307026,-0.662945057247491
59.059064964965,0.815973980791441,-0.92378285381155,-0.663962494425498
60.0600660660661,0.814170920896497,-0.925598116205765,-0.664996016624879
61.0610671671672,0.812398415236439,-0.927389359684952,-0.66604550639361
62.0620682682683,0.810656219219647,-0.929156684444391,-0.667110846279672
63.0630693693694,0.808944088254501,-0.930900190679367,-0.668191918831044
64.0640704704705,0.807261777749381,-0.932619978585159,-0.669288606595704
65.0650715715716,0.805609043112665,-0.934316148357052,-0.670400792121633
66.0660726726727,0.803985639752735,-0.935988800190326,-0.671528357956808
67.0670737737738,0.802391323077969,-0.937638034280262,-0.672671186649208
68.0680748748749,0.800825848496749,-0.939263950822144,-0.673829160746812
69.069075975976,0.799288971417453,-0.940866650011254,-0.675002162797601
70.0700770770771,0.797780447248461,-0.942446232042872,-0.676190075349552
71.0710781781782,0.796300031398154,-0.944002797112282,-0.677392780950644
72.0720792792793,0.794847479274912,-0.945536445414764,-0.678610162148857
73.0730803803804,0.793422546287113,-0.947047277145602,-0.679842101492169
74.0740814814815,0.792024987843138,-0.948535392500076,-0.68108848152856
75.0750825825826,0.790654559351367,-0.950000891673469,-0.682349184806008
76.0760836836837,0.789311016220179,-0.951443874861063,-0.683624093872492
77.0770847847848,0.787994113857954,-0.95286444225814,-0.684913091275992
78.0780858858859,0.786703607673073,-0.954262694059982,-0.686216059564486
79.079086986987,0.785439253073915,-0.95563873046187,-0.687532881285953
80.0800880880881,0.78420080546886,-0.956992651659086,-0.688863438988373
81.0810891891892,0.782988020266287,-0.958324557846913,-0.690207615219724
82.0820902902903,0.781800652874577,-0.959634549220633,-0.691565292527985
83.0830913913914,0.78063845870211,-0.960922725975527,-0.692936353461136
84.0840924924925,0.779501193157265,-0.962189188306877,-0.694320680567154
85.0850935935936,0.778388611648422,-0.963434036409965,-0.69571815639402
86.0860946946947,0.77730046958396,-0.964657370480074,-0.697128663489712
87.0870957957958,0.776236522372261,-0.965859290712485,-0.698552084402209
88.0880968968969,0.775196525421703,-0.96703989730248,-0.69998830167949
89.089097997998,0.774180234140666,-0.968199290445341,-0.701437197869534
90.0900990990991,0.773187403937532,-0.96933757033635,-0.702898655520321
91.0911002002002,0.772217790220677,-0.970454837170789,-0.704372557179828
92.0921013013013,0.771271148398485,-0.971551191143941,-0.705858785396036
93.0931024024024,0.770347233879332,-0.972626732451085,-0.707357222716922
94.0941035035035,0.769445802071601,-0.973681561287506,-0.708867751690466
95.0951046046046,0.76856660838367,-0.974715777848484,-0.710390254864648
96.0961057057057,0.767709408223919,-0.975729482329302,-0.711924614787445
97.0971068068068,0.766873957000729,-0.976722774925242,-0.713470714006838
98.0981079079079,0.766060010122478,-0.977695755831585,-0.715028435070804
99.099109009009,0.765267322997547,-0.978648525243614,-0.716597660527323
100.10011011011,0.764495651034316,-0.979581183356609,-0.718178272924374
101.101111211211,0.763744749641165,-0.980493830365855,-0.719770154809936
102.102112312312,0.763014374226473,-0.981386566466632,-0.721373188731987
103.103113413413,0.76230428019862,-0.982259491854222,-0.722987257238508
104.104114514515,0.761614222965986,-0.983112706723907,-0.724612242877476
105.105115615616,0.760943957936951,-0.98394631127097,-0.726248028196871
106.106116716717,0.760293240519895,-0.984760405690691,-0.727894495744672
107.107117817818,0.759661826123197,-0.985555090178354,-0.729551528068857
108.108118918919,0.759049470155238,-0.98633046492924,-0.731219007717406
109.10912002002,0.758455928024397,-0.98708663013863,-0.732896817238298
110.110121121121,0.757880955139054,-0.987823686001807,-0.734584839179511
111.111122222222,0.757324306907589,-0.988541732714054,-0.736282956089025
112.112123323323,0.756785738738381,-0.989240870470651,-0.737991050514818
113.113124424424,0.756265006039812,-0.98992119946688,-0.739709005004871
114.114125525526,0.75576186422026,-0.990582819898025,-0.74143670210716
115.115126626627,0.755276068688105,-0.991225831959366,-0.743174024369667
116.116127727728,0.754807374851727,-0.991850335846185,-0.744920854340369
117.117128828829,0.754355538119506,-0.992456431753765,-0.746677074567245
118.11812992993,0.753920313899822,-0.993044219877388,-0.748442567598275
119.119131031031,0.753501457601055,-0.993613800412335,-0.750217215981437
120.120132132132,0.753098724631584,-0.994165273553888,-0.752000902264711
121.121133233233,0.752711870399789,-0.994698739497329,-0.753793508996075
122.122134334334,0.752340650314051,-0.995214298437941,-0.755594918723508
123.123135435435,0.751984819782749,-0.995712050571005,-0.75740501399499
124.124136536537,0.751644134214262,-0.996192096091803,-0.7592236773585
125.125137637638,0.751318349016971,-0.996654535195617,-0.761050791362015
126.126138738739,0.751007219599256,-0.997099468077729,-0.762886238553516
127.12713983984,0.750710501369495,-0.99752699493342,-0.764729901480981
128.128140940941,0.750427949736071,-0.997937215957974,-0.766581662692389
129.129142042042,0.750159320107361,-0.998330231346672,-0.76844140473572
130.130143143143,0.749904367891746,-0.998706141294795,-0.770309010158952
131.131144244244,0.749662848497606,-0.999065045997626,-0.772184361510064
132.132145345345,0.74943451733332,-0.999407045650447,-0.774067341337035
133.133146446446,0.749219129807269,-0.999732240448539,-0.775957832187845
134.134147547548,0.749016441327832,-1.00004073058719,-0.777855716610471
135.135148648649,0.748826207303389,-1.00033261626167,-0.779760877152894
136.13614974975,0.74864818314232,-1.00060799766727,-0.781673196363092
137.137150850851,0.748482124253005,-1.00086697499926,-0.783592556789044
138.138151951952,0.748327786043823,-1.00110964845294,-0.785518840978729
139.139153053053,0.748184923923155,-1.00133611822359,-0.787451931480125
140.140154154154,0.74805329329938,-1.00154648450647,-0.789391710841213
141.141155255255,0.747932649580878,-1.00174084749689,-0.791338061609971
142.142156356356,0.747822748176029,-1.00191930739011,-0.793290866334378
143.143157457457,0.747723344493213,-1.00208196438143,-0.795250007562413
144.144158558559,0.74763419394081,-1.00222891866612,-0.797215367842055
145.14515965966,0.747555051927199,-1.00236027043946,-0.799186829721282
146.146160760761,0.74748567386076,-1.00247611989674,-0.801164275748075
147.147161861862,0.747425815149874,-1.00257656723324,-0.803147588470411
148.148162962963,0.747375231202919,-1.00266171264424,-0.805136650436271
149.149164064064,0.747333677428276,-1.00273165632502,-0.807131344193632
150.150165165165,0.747300909234325,-1.00278649847087,-0.809131552290473
151.151166266266,0.747276682029446,-1.00282633927706,-0.811137157274775
152.152167367367,0.747260751222018,-1.00285127893888,-0.813148041694515
153.153168468468,0.74725287222042,-1.00286141765161,-0.815164088097673
154.15416956957,0.747252800433035,-1.00285685561054,-0.817185179032228
155.155170670671,0.74726029126824,-1.00283769301094,-0.819211197046159
156.156171771772,0.747275100134415,-1.00280403004809,-0.821242024687444
157.157172872873,0.747296982439942,-1.00275596691729,-0.823277544504063
158.158173973974,0.747325693593198,-1.0026936038138,-0.825317639043995
159.159175075075,0.747360989002565,-1.00261704093292,-0.827362190855218
160.160176176176,0.747402624076422,-1.00252637846992,-0.829411082485711
161.161177277277,0.747450354223149,-1.00242171662008,-0.831464196483454
162.162178378378,0.747503934851125,-1.0023031555787,-0.833521415396426
163.16317947948,0.747563121368731,-1.00217079554104,-0.835582621772605
164.164180580581,0.747627669184347,-1.0020247367024,-0.837647698159971
165.165181681682,0.747697333706351,-1.00186507925805,-0.839716527106502
166.166182782783,0.747771870343125,-1.00169192340327,-0.841788991160178
167.167183883884,0.747851034503048,-1.00150536933336,-0.843864972868977
168.168184984985,0.7479345815945,-1.00130551724358,-0.845944354780879
169.169186086086,0.74802226702586,-1.00109246732923,-0.848027019443862
170.170187187187,0.748113846205509,-1.00086631978557,-0.850112849405905
171.171188288288,0.748209074541826,-1.00062717480791,-0.852201727214988
172.172189389389,0.748307707443191,-1.00037513259151,-0.854293535419089
173.173190490491,0.748409500317984,-1.00011029333166,-0.856388156566187
174.174191591592,0.748514208574585,-0.999832757223639,-0.858485473204262
175.175192692693,0.748621587621374,-0.999542624462734,-0.860585367881292
176.176193793794,0.74873139286673,-0.999239995244224,-0.862687723145256
177.177194894895,0.748843379719033,-0.998924969763391,-0.864792421544133
178.178195995996,0.748957303586664,-0.998597648215517,-0.866899345625902
179.179197097097,0.749072919878002,-0.998258130795885,-0.869008377938543
180.180198198198,0.749189984001426,-0.997906517699775,-0.871119401030034
181.181199299299,0.749308251365318,-0.99754290912247,-0.873232297448354
182.1822004004,0.749427477378055,-0.997167405259252,-0.875346949741482
183.183201501501,0.74954741744802,-0.996780106305403,-0.877463240457398
184.184202602603,0.74966782698359,-0.996381112456204,-0.879581052144079
185.185203703704,0.749788461393147,-0.995970523906938,-0.881700267349505
186.186204804805,0.749909076085069,-0.995548440852887,-0.883820768621656
187.187205905906,0.750029426467737,-0.995114963489333,-0.885942438508509
188.188207007007,0.750149267949531,-0.994670192011557,-0.888065159558044
189.189208108108,0.75026835593883,-0.994214226614841,-0.890188814318241
190.190209209209,0.750386445844014,-0.993747167494468,-0.892313285337077
191.19121031031,0.750503293073463,-0.993269114845719,-0.894438455162532
192.192211411411,0.750618653035558,-0.992780168863876,-0.896564206342585
193.193212512513,0.750732281138677,-0.992280429744222,-0.898690421425215
194.194213613614,0.750843932791201,-0.991769997682038,-0.900816982958401
195.195214714715,0.750953363401509,-0.991248972872606,-0.902943773490122
196.196215815816,0.751060328377981,-0.990717455511208,-0.905070675568356
197.197216916917,0.751164583128998,-0.990175545793126,-0.907197571741084
198.198218018018,0.751265883062939,-0.989623343913642,-0.909324344556283
199.199219119119,0.751363983588183,-0.989060950068038,-0.911450876561933
200.20022022022,0.751458640113111,-0.988488464451595,-0.913577050306012
201.201221321321,0.751549608046103,-0.987905987259597,-0.9157027483365
202.202222422422,0.751636642795538,-0.987313618687324,-0.917827853201376
203.203223523524,0.751719499769796,-0.986711458930059,-0.919952247448619
204.204224624625,0.751797934377257,-0.986099608183084,-0.922075813626207
205.205225725726,0.751871702026301,-0.98547816664168,-0.92419843428212
206.206226826827,0.751940558125308,-0.98484723450113,-0.926319991964337
207.207227927928,0.752004258082657,-0.984206911956715,-0.928440369220836
208.208229029029,0.752062557306728,-0.983557299203717,-0.930559448599596
209.20923013013,0.752115211205902,-0.982898496437419,-0.932677112648598
210.210231231231,0.752161975188558,-0.982230603853102,-0.934793243915818
211.211232332332,0.752202604663075,-0.981553721646048,-0.936907724949238
212.212233433433,0.752236855037835,-0.98086795001154,-0.939020438296834
213.213234534535,0.752264481721216,-0.980173389144859,-0.941131266506588
214.214235635636,0.752285240121598,-0.979470139241287,-0.943240092126476
215.215236736737,0.752298885647362,-0.978758300496105,-0.945346797704479
216.216237837838,0.752305173706887,-0.978037973104597,-0.947451265788576
217.217238938939,0.752303859708553,-0.977309257262043,-0.949553378926744
218.21824004004,0.752294699060739,-0.976572253163727,-0.951653019666964
219.219241141141,0.752277447171826,-0.975827061004929,-0.953750070557215
220.220242242242,0.752251859450193,-0.975073780980932,-0.955844414145474
221.221243343343,0.752217691304221,-0.974312513287017,-0.957935932979723
222.222244444444,0.752174698142289,-0.973543358118468,-0.960024509607938
223.223245545546,0.752122635372777,-0.972766415670565,-0.962110026578099
224.224246646647,0.752061258404065,-0.97198178613859,-0.964192366438186
225.225247747748,0.751990322644532,-0.971189569717826,-0.966271411736177
226.226248848849,0.751909583502559,-0.970389866603554,-0.968347045020051
227.22724994995,0.751818796386525,-0.969582776991056,-0.970419148837787
228.228251051051,0.75171771670481,-0.968768401075615,-0.972487605737365
229.229252152152,0.751606099865795,-0.967946839052512,-0.974552298266763
230.230253253253,0.751483701277858,-0.967118191117029,-0.976613108973959
231.231254354354,0.75135027634938,-0.966282557464448,-0.978669920406934
232.232255455455,0.75120558048874,-0.965440038290051,-0.980722615113666
233.233256556557,0.751049369104319,-0.964590733789121,-0.982771075642133
234.234257657658,0.750881397604496,-0.963734744156938,-0.984815184540316
235.235258758759,0.750701421397651,-0.962872169588785,-0.986854824356193
236.23625985986,0.750509195892164,-0.962003110279944,-0.988889877637743
237.237260960961,0.750304476496414,-0.961127666425697,-0.990920226932944
238.238262062062,0.750087018618782,-0.960245938221325,-0.992945754789777
239.239263163163,0.749856577667648,-0.959358025862111,-0.994966343756219
240.240264264264,0.74961290905139,-0.958464029543337,-0.996981876380251
241.241265365365,0.74935576817839,-0.957564049460284,-0.99899223520985
242.242266466466,0.749084910457027,-0.956658185808235,-1.000997302793
243.243267567568,0.748800091295681,-0.955746538782471,-1.00299696167767
244.244268668669,0.748501066102731,-0.954829208578275,-1.00499109441185
245.24526976977,0.748187590286557,-0.953906295390928,-1.00697958354351
246.246270870871,0.74785941925554,-0.952977899415712,-1.00896231162063
247.247271971972,0.747516308418059,-0.952044120847909,-1.01093916119119
248.248273073073,0.747158013182494,-0.951105059882802,-1.01291001480318
249.249274174174,0.746784288957225,-0.950160816715671,-1.01487475500456
250.250275275275,0.746394891150631,-0.9492114915418,-1.01683326434333
251.251276376376,0.745989575171093,-0.94825718455647,-1.01878542536745
252.252277477477,0.74556809642699,-0.947297995954962,-1.02073112062491
253.253278578579,0.745130210326702,-0.94633402593256,-1.02267023266368
254.25427967968,0.74467567227861,-0.945365374684544,-1.02460264403175
255.255280780781,0.744204237691092,-0.944392142406197,-1.02652823727709
256.256281881882,0.743715661972529,-0.943414429292801,-1.02844689494769
257.257282982983,0.7432097005313,-0.942432335539638,-1.03035849959151
258.258284084084,0.742686108775786,-0.941445961341989,-1.03226293375655
259.259285185185,0.742144642114365,-0.940455406895136,-1.03416007999078
260.260286286286,0.74158505595542,-0.939460772394362,-1.03604982084217
261.261287387387,0.741007105707327,-0.938462158034949,-1.03793203885871
262.262288488488,0.740410546778469,-0.937459664012178,-1.03980661658838
263.26328958959,0.739795134577224,-0.936453390521331,-1.04167343657916
264.264290690691,0.739160624511972,-0.935443437757691,-1.04353238137901
265.265291791792,0.738506771991094,-0.934429905916538,-1.04538333353594
266.266292892893,0.737833332422969,-0.933412895193156,-1.0472261755979
267.267293993994,0.737140061215976,-0.932392505782826,-1.04906079011288
268.268295095095,0.736426713778497,-0.93136883788083,-1.05088705962887
269.269296196196,0.73569304551891,-0.93034199168245,-1.05270486669383
270.270297297297,0.734938811845595,-0.929312067382968,-1.05451409385576
271.271298398398,0.734163768166933,-0.928279165177666,-1.05631462366262
272.272299499499,0.733367669891303,-0.927243385261825,-1.05810633866239
273.273300600601,0.732550272427084,-0.926204827830729,-1.05988912140307
274.274301701702,0.731711331182658,-0.925163593079658,-1.06166285443261
275.275302802803,0.730850601566403,-0.924119781203894,-1.06342742029901
276.276303903904,0.7299678389867,-0.923073492398721,-1.06518270155024
277.277305005005,0.729062798851928,-0.922024826859419,-1.06692858073428
278.278306106106,0.728135236570467,-0.92097388478127,-1.06866494039911
279.279307207207,0.727184907550697,-0.919920766359557,-1.07039166309272
280.280308308308,0.726211567200998,-0.918865571789561,-1.07210863136307
281.281309409409,0.725214970929749,-0.917808401266564,-1.07381572775814
282.282310510511,0.724194874145331,-0.916749354985849,-1.07551283482592
283.283311611612,0.723151032256124,-0.915688533142697,-1.07719983511439
284.284312712713,0.722083200670506,-0.91462603593239,-1.07887661117152
285.285313813814,0.720991134796859,-0.91356196355021,-1.0805430455453
286.286314914915,0.719874590043562,-0.912496416191439,-1.08219902078369
287.287316016016,0.718733321818994,-0.911429494051359,-1.08384441943469
288.288317117117,0.717567085531536,-0.910361297325252,-1.08547912404627
289.289318218218,0.716375636589567,-0.9092919262084,-1.0871030171664
290.290319319319,0.715158730401467,-0.908221480896085,-1.08871598134307
291.29132042042,0.713916122375617,-0.907150061583588,-1.09031789912426
292.292321521522,0.712647567920395,-0.906077768466193,-1.09190865305795
293.293322622623,0.711352822444182,-0.905004701739179,-1.09348812569211
294.294323723724,0.710031641355358,-0.903930961597831,-1.09505619957473
295.295324824825,0.708683780062301,-0.902856648237429,-1.09661275725377
296.296325925926,0.707308993973394,-0.901781861853255,-1.09815768127723
297.297327027027,0.705907038497014,-0.900706702640592,-1.09969085419308
298.298328128128,0.704477669041543,-0.899631270794721,-1.1012121585493
299.299329229229,0.703020641015359,-0.898555666510925,-1.10272147689387
300.30033033033,0.701535709826842,-0.897479989984485,-1.10421869177476
301.301331431431,0.700022630884374,-0.896404341410682,-1.10570368573996
302.302332532533,0.698481159596332,-0.8953288209848,-1.10717634133745
303.303333633634,0.696911051371098,-0.894253528902121,-1.1086365411152
304.304334734735,0.695312061617051,-0.893178565357925,-1.1100841676212
305.305335835836,0.69368394574257,-0.892104030547495,-1.11151910340342
306.306336936937,0.692026459156036,-0.891030024666113,-1.11294123100984
307.307338038038,0.690339357265829,-0.889956647909061,-1.11435043298844
308.308339139139,0.688622395480328,-0.88888400047162,-1.1157465918872
309.30934024024,0.686875329207913,-0.887812182549074,-1.11712959025409
310.310341341341,0.685097913856964,-0.886741294336703,-1.11849931063711
311.311342442442,0.683289904835861,-0.88567143602979,-1.11985563558422
312.312343543544,0.681451057552984,-0.884602707823617,-1.12119844764341
313.313344644645,0.679581127416712,-0.883535209913464,-1.12252762936265
314.314345745746,0.677679869835426,-0.882469042494616,-1.12384306328992
315.315346846847,0.675747040217504,-0.881404305762352,-1.12514463197321
316.316347947948,0.673782393971329,-0.880341099911957,-1.12643221796049
317.317349049049,0.671785686505277,-0.87927952513871,-1.12770570379974
318.31835015015,0.669756673227731,-0.878219681637895,-1.12896497203893
319.319351251251,0.667695109547069,-0.877161669604792,-1.13020990522606
320.320352352352,0.665600750871671,-0.876105589234685,-1.13144038590909
321.321353453453,0.663473352609918,-0.875051540722856,-1.13265629663601
322.322354554555,0.661312670170189,-0.873999624264584,-1.1338575199548
323.323355655656,0.659118458960864,-0.872949940055154,-1.13504393841342
324.324356756757,0.656890474390322,-0.871902588289847,-1.13621543682787
325.325357857858,0.654628471866944,-0.870857669163945,-1.13737198325174
326.326358958959,0.65233220679911,-0.86981528287273,-1.13851365109811
327.32736006006,0.650001434595199,-0.868775529611483,-1.13964052054965
328.328361161161,0.647635910663591,-0.867738509575487,-1.140752671789
329.329362262262,0.645235390412666,-0.866704322960023,-1.14185018499883
330.330363363363,0.642799629250804,-0.865673069960375,-1.14293314036177
331.331364464464,0.640328382586384,-0.864644850771823,-1.14400161806049
332.332365565566,0.637821405827787,-0.863619765589649,-1.14505569827764
333.333366666667,0.635278454383392,-0.862597914609135,-1.14609546119587
334.334367767768,0.632699283661579,-0.861579398025564,-1.14712098699784
335.335368868869,0.630083649070729,-0.860564316034217,-1.14813235586619
336.33636996997,0.62743130601922,-0.859552768830377,-1.14912964798358
337.337371071071,0.624742009915433,-0.858544856609325,-1.15011294353267
338.338372172172,0.622015516167748,-0.857540679566342,-1.1510823226961
339.339373273273,0.619251580184544,-0.856540337896712,-1.15203786565654
340.340374374374,0.616449957374201,-0.855543931795716,-1.15297965259662
341.341375475475,0.613610403145099,-0.854551561458636,-1.15390776369901
342.342376576577,0.610732672905618,-0.853563327080753,-1.15482227914636
343.343377677678,0.607816522064138,-0.852579328857351,-1.15572327912132
344.344378778779,0.604861706029038,-0.85159966698371,-1.15661084380655
345.34537987988,0.601867980208699,-0.850624441655113,-1.15748505338469
346.346380980981,0.5988351000115,-0.849653753066842,-1.15834598803841
347.347382082082,0.595762820845821,-0.848687701414178,-1.15919372795034
348.348383183183,0.592650898120042,-0.847726386892404,-1.16002835330316
349.349384284284,0.589499087242543,-0.846769909696801,-1.1608499442795
350.350385385385,0.586307143621703,-0.845818370022652,-1.16165858106203
351.351386486486,0.583074822665902,-0.844871868065238,-1.16245434383339
352.352387587588,0.579801879783522,-0.843930504019842,-1.16323731277624
353.353388688689,0.57648807038294,-0.842994378081745,-1.16400756807323
354.35438978979,0.573133149872537,-0.842063590446229,-1.16476518990702
355.355390890891,0.569736873660693,-0.841138241308576,-1.16551025846025
356.356391991992,0.566298997155787,-0.840218430864069,-1.16624285391558
357.357393093093,0.5628192757662,-0.839304259307988,-1.16696305645567
358.358394194194,0.559297464900312,-0.838395826835616,-1.16767094626317
359.359395295295,0.555733319966501,-0.837493233642236,-1.16836660352072
360.360396396396,0.552126596373149,-0.836596579923128,-1.16905010841099
361.361397497497,0.548477049528634,-0.835705965873575,-1.16972154111662
362.362398598599,0.544784434841337,-0.834821481371549,-1.17038098182027
363.3633996997,0.541048507719638,-0.833943135715364,-1.17102851070459
364.364400800801,0.537269023571916,-0.833070900321241,-1.17166420795224
365.365401901902,0.533445737806551,-0.832204746385429,-1.17228815374587
366.366403003003,0.529578405831923,-0.831344645104176,-1.17290042826812
367.367404104104,0.525666783056412,-0.83049056767373,-1.17350111170166
368.368405205205,0.521710624888398,-0.829642485290341,-1.17409028422914
369.369406306306,0.51770968673626,-0.828800369150256,-1.1746680260332
370.370407407407,0.513663724008379,-0.827964190449723,-1.17523441729651
371.371408508509,0.509572492113134,-0.827133920384992,-1.17578953820172
372.37240960961,0.505435746458905,-0.826309530152309,-1.17633346893147
373.373410710711,0.501253242454072,-0.825490990947925,-1.17686628966843
374.374411811812,0.497024735507015,-0.824678273968086,-1.17738808059524
375.375412912913,0.492749981026113,-0.823871350409042,-1.17789892189455
376.376414014014,0.488428734419747,-0.823070191467041,-1.17839889374903
377.377415115115,0.484060751096295,-0.82227476833833,-1.17888807634132
378.378416216216,0.47964578646414,-0.82148505221916,-1.17936654985408
379.379417317317,0.475183595931659,-0.820701014305776,-1.17983439446996
380.380418418418,0.470673934907233,-0.819922625794429,-1.18029169037161
381.381419519519,0.466116558799241,-0.819149857881367,-1.18073851774169
382.382420620621,0.461511223016064,-0.818382681762837,-1.18117495676285
383.383421721722,0.456857682966081,-0.817621068635089,-1.18160108761773
384.384422822823,0.452155694057673,-0.81686498969437,-1.18201699048901
385.385423923924,0.447405011699218,-0.816114416136929,-1.18242274555932
386.386425025025,0.442605391299097,-0.815369319159015,-1.18281843301132
387.387426126126,0.43775658826569,-0.814629669956875,-1.18320413302766
388.388427227227,0.432858358007377,-0.813895439726758,-1.18357992579101
389.389428328328,0.427910455932537,-0.813166599664912,-1.183945891484
390.390429429429,0.422912637449549,-0.812443120967586,-1.18430211028929
391.391430530531,0.417864657966796,-0.811724974831028,-1.18464866238954
392.392431631632,0.412766272892654,-0.811012132451487,-1.1849856279674
393.393432732733,0.407617237635506,-0.81030456502521,-1.18531308720552
394.394433833834,0.40241730760373,-0.809602243748446,-1.18563112028656
395.395434934935,0.397166238205707,-0.808905139817444,-1.18593980739316
396.396436036036,0.391863784849815,-0.808213224428452,-1.18623922870799
397.397437137137,0.386509702944436,-0.807526468777718,-1.18652946441369
398.398438238238,0.381103747897949,-0.80684484406149,-1.18681059469291
399.399439339339,0.375645675118733,-0.806168321476017,-1.18708269972832
400.40044044044,0.370135241481336,-0.805496872217548,-1.18734585970256
401.401441541542,0.364572461950587,-0.80483046748233,-1.18760015479828
402.402442642643,0.358957903358376,-0.804169078466612,-1.18784566519815
403.403443743744,0.353292203629304,-0.803512676366642,-1.1880824710848
404.404444844845,0.347576000687974,-0.802861232378669,-1.1883106526409
405.405445945946,0.341809932458985,-0.802214717698941,-1.1885302900491
406.406447047047,0.335994636866939,-0.801573103523706,-1.18874146349205
407.407448148148,0.330130751836439,-0.800936361049213,-1.1889442531524
408.408449249249,0.324218915292083,-0.800304461471711,-1.18913873921281
409.40945035035,0.318259765158476,-0.799677375987446,-1.18932500185593
410.410451451451,0.312253939360217,-0.799055075792668,-1.18950312126442
411.411452552553,0.306202075821907,-0.798437532083626,-1.18967317762092
412.412453653654,0.300104812468149,-0.797824716056567,-1.18983525110809
413.413454754755,0.293962787223543,-0.797216598907739,-1.18998942190858
414.414455855856,0.28777663801269,-0.796613151833392,-1.19013577020504
415.415456956957,0.281547002760193,-0.796014346029774,-1.19027437618013
416.416458058058,0.275274519390652,-0.795420152693132,-1.19040532001651
417.417459159159,0.268959825828668,-0.794830543019716,-1.19052868189682
418.41846026026,0.262603559998843,-0.794245488205773,-1.19064454200371
419.419461361361,0.256206359825778,-0.793664959447552,-1.19075298051985
420.420462462463,0.249768863234075,-0.793088927941302,-1.19085407762788
421.421463563564,0.243291708148334,-0.79251736488327,-1.19094791351045
422.422464664665,0.236775532493158,-0.791950241469705,-1.19103456835023
423.423465765766,0.230220974193146,-0.791387528896856,-1.19111412232985
424.424466866867,0.223628671172901,-0.79082919836097,-1.19118665563199
425.425467967968,0.216999261357024,-0.790275221058296,-1.19125224843927
426.426469069069,0.210333382670115,-0.789725568185083,-1.19131098093438
427.42747017017,0.203631673036778,-0.789180210937579,-1.19136293329994
428.428471271271,0.196894770381612,-0.788639120512031,-1.19140818571862
429.429472372372,0.190123312629219,-0.78810226810469,-1.19144681837307
430.430473473473,0.1833179377042,-0.787569624911802,-1.19147891144595
431.431474574575,0.176479283531157,-0.787041162129616,-1.1915045451199
432.432475675676,0.169607988034691,-0.786516850954381,-1.19152379957758
433.433476776777,0.162704689139402,-0.785996662582345,-1.19153675500164
434.434477877878,0.155770024769894,-0.785480568209756,-1.19154349157474
435.435478978979,0.148804632850766,-0.784968539032862,-1.19154408947953
436.43648008008,0.14180915130662,-0.784460546247913,-1.19153862889865
437.437481181181,0.134784218062057,-0.783956561051156,-1.19152719001477
438.438482282282,0.127730471041679,-0.78345655463884,-1.19150985301054
439.439483383383,0.120648548170087,-0.782960498207213,-1.19148669806861
440.440484484485,0.113539087371882,-0.782468362952523,-1.19145780537163
441.441485585586,0.106402726571665,-0.781980120071019,-1.19142325510226
442.442486686687,0.099240103694039,-0.781495740758949,-1.19138312744315
443.443487787788,0.092051856663603,-0.781015196212561,-1.19133750257695
444.444488888889,0.084838623404959,-0.780538457628104,-1.19128646068631
445.44548998999,0.077601041842709,-0.780065496201827,-1.1912300819539
446.446491091091,0.070339749901454,-0.779596283129977,-1.19116844656235
447.447492192192,0.063055385505796,-0.779130789608803,-1.19110163469433
448.448493293293,0.055748586580334,-0.778668986834553,-1.19102972653249
449.449494394394,0.048419991049672,-0.778210846003475,-1.19095280225947
450.450495495496,0.041070236838409,-0.777756338311819,-1.19087094205794
451.451496596597,0.033699961871148,-0.777305434955832,-1.19078422611055
452.452497697698,0.026309804072489,-0.776858107131762,-1.19069273459994
453.453498798799,0.018900401367035,-0.776414326035859,-1.19059654770878
454.4544998999,0.011472391679386,-0.77597406286437,-1.19049574561971
455.455501001001,0.004026412934143,-0.775537288813543,-1.1903904085154
456.456502102102,-0.003436896944092,-0.775103975079628,-1.19028061657848
457.457503203203,-0.010916900030718,-0.774674092858872,-1.19016644999161
458.458504304304,-0.018412958401134,-0.774247613347524,-1.19004798893746
459.459505405405,-0.025924434130737,-0.773824507741832,-1.18992531359866
460.460506506507,-0.033450689294928,-0.773404747238044,-1.18979850415788
461.461507607608,-0.040991085969105,-0.772988303032409,-1.18966764079777
462.462508708709,-0.048544986228667,-0.772575146321176,-1.18953280370097
463.46350980981,-0.056111752149011,-0.772165248300592,-1.18939407305015
464.464510910911,-0.063690745805537,-0.771758580166906,-1.18925152902795
465.465512012012,-0.071281329273644,-0.771355113116366,-1.18910525181703
466.466513113113,-0.07888286462873,-0.770954818345221,-1.18895532160004
467.467514214214,-0.086494713946194,-0.770557667049718,-1.18880181855963
468.468515315315,-0.094116239301435,-0.770163630426107,-1.18864482287847
469.469516416416,-0.101746802769851,-0.769772679670636,-1.18848441473919
470.470517517518,-0.109385766426842,-0.769384785979552,-1.18832067432446
471.471518618619,-0.117032492347805,-0.768999920549106,-1.18815368181692
472.47251971972,-0.12468634260814,-0.768618054575543,-1.18798351739923
473.473520820821,-0.132346679283245,-0.768239159255114,-1.18781026125405
474.474521921922,-0.140012864448519,-0.767863205784066,-1.18763399356402
475.475523023023,-0.147684260179361,-0.767490165358649,-1.1874547945118
476.476524124124,-0.155360228551169,-0.767120009175109,-1.18727274428004
477.477525225225,-0.163040131639343,-0.766752708429695,-1.1870879230514
478.478526326326,-0.17072333151928,-0.766388234318657,-1.18690041100852
479.479527427427,-0.17840919026638,-0.766026558038242,-1.18671028833406
480.480528528529,-0.186097069956041,-0.765667650784698,-1.18651763521068
481.48152962963,-0.193786332663662,-0.765311483754274,-1.18632253182102
482.482530730731,-0.201476340464642,-0.764958028143218,-1.18612505834775
483.483531831832,-0.209166455434379,-0.764607255147779,-1.1859252949735
484.484532932933,-0.216856039648272,-0.764259135964205,-1.18572332188094
485.485534034034,-0.22454445518172,-0.763913641788745,-1.18551921925272
486.486535135135,-0.232231064110121,-0.763570743817646,-1.18531306727149
487.487536236236,-0.239915228508875,-0.763230413247157,-1.18510494611991
488.488537337337,-0.24759631045338,-0.762892621273527,-1.18489493598062
489.489538438438,-0.255273672019034,-0.762557339093003,-1.18468311703628
490.49053953954,-0.262946675281237,-0.762224537901834,-1.18446956946955
491.491540640641,-0.270614682315386,-0.761894188896269,-1.18425437346308
492.492541741742,-0.278277055196882,-0.761566263272556,-1.18403760919951
493.493542842843,-0.285933156001122,-0.761240732226943,-1.1838193568615
494.494543943944,-0.293582346803506,-0.760917566955678,-1.18359969663172
495.495545045045,-0.301223989679431,-0.76059673865501,-1.1833787086928
496.496546146146,-0.308857446704297,-0.760278218521187,-1.1831564732274
497.497547247247,-0.316482079953501,-0.759961977750458,-1.18293307041818
498.498548348348,-0.324097251502445,-0.759647987539071,-1.18270858044778
499.499549449449,-0.331702323426525,-0.759336219083274,-1.18248308349886
500.500550550551,-0.33929665780114,-0.759026643579316,-1.18225665975408
501.501551651652,-0.34687961670169,-0.758719232223445,-1.18202938939609
502.502552752753,-0.354450562203573,-0.758413956211909,-1.18180135260753
503.503553853854,-0.362008856382186,-0.758110786740957,-1.18157262957107
504.504554954955,-0.36955386131293,-0.757809695006837,-1.18134330046935
505.505556056056,-0.377084939071204,-0.757510652205797,-1.18111344548504
506.506557157157,-0.384601451732405,-0.757213629534086,-1.18088314480077
507.507558258258,-0.392102761371933,-0.756918598187952,-1.18065247859921
508.508559359359,-0.399588230065186,-0.756625529363644,-1.180421527063
509.50956046046,-0.407057219887562,-0.756334394257409,-1.18019037037481
510.510561561562,-0.414509092914461,-0.756045164065497,-1.17995908871728
511.511562662663,-0.421943211221282,-0.755757809984155,-1.17972776227307
512.512563763764,-0.429358936883422,-0.755472303209632,-1.17949647122482
513.513564864865,-0.436755631976282,-0.755188614938176,-1.1792652957552
514.514565965966,-0.444132658575259,-0.754906716366036,-1.17903431604686
515.515567067067,-0.451489378755751,-0.75462657868946,-1.17880361228244
516.516568168168,-0.458825154593159,-0.754348173104696,-1.17857326464461
517.517569269269,-0.46613934816288,-0.754071470807993,-1.17834335331601
518.51857037037,-0.473431321540314,-0.753796442995599,-1.1781139584793
519.519571471471,-0.480700436800857,-0.753523060863762,-1.17788516031713
520.520572572573,-0.487946056019911,-0.753251295608731,-1.17765703901215
521.521573673674,-0.495167541272874,-0.752981118426754,-1.17742967474702
522.522574774775,-0.502364254635143,-0.75271250051408,-1.17720314770439
523.523575875876,-0.509535558182119,-0.752445413066956,-1.17697753806691
524.524576976977,-0.516680813989199,-0.752179827281631,-1.17675292601724
525.525578078078,-0.523799384131782,-0.751915714354354,-1.17652939173803
526.526579179179,-0.530890630685267,-0.751653045481373,-1.17630701541193
527.52758028028,-0.537953915725053,-0.751391791858936,-1.17608587722159
528.528581381381,-0.544988601326538,-0.751131924683291,-1.17586605734967
529.529582482483,-0.551994049565121,-0.750873415150687,-1.17564763597883
530.530583583584,-0.558969622516201,-0.750616234457373,-1.1754306932917
531.531584684685,-0.565914682255176,-0.750360353799596,-1.17521530947096
532.532585785786,-0.572828590857446,-0.750105744373605,-1.17500156469924
533.533586886887,-0.579710710398408,-0.749852377375649,-1.1747895391592
534.534587987988,-0.586560402953463,-0.749600224001975,-1.17457931303351
535.535589089089,-0.593377030598007,-0.749349255448832,-1.1743709665048
536.53659019019,-0.600159955407441,-0.749099442912469,-1.17416457975573
537.537591291291,-0.606908539457162,-0.748850757589133,-1.17396023296896
538.538592392392,-0.61362214482257,-0.748603170675073,-1.17375800632713
539.539593493494,-0.620300133579063,-0.748356653366538,-1.17355798001291
540.540594594595,-0.62694186780204,-0.748111176859776,-1.17336023420894
541.541595695696,-0.6335467095669,-0.747866712351034,-1.17316484909788
542.542596796797,-0.640114020949041,-0.747623231036563,-1.17297190486238
543.543597897898,-0.646643164023861,-0.747380704112609,-1.17278148168509
544.544598998999,-0.653133500866761,-0.747139102775421,-1.17259365974866
545.5456001001,-0.659584393553138,-0.746898398221248,-1.17240851923576
546.546601201201,-0.665995204158391,-0.746658561646338,-1.17222614032903
547.547602302302,-0.672365294757919,-0.746419564246939,-1.17204660321112
548.548603403403,-0.678694027427121,-0.7461813772193,-1.17186998806469
549.549604504505,-0.684980764241395,-0.745943971759669,-1.17169637507239
550.550605605606,-0.69122486727614,-0.745707319064294,-1.17152584441687
551.551606706707,-0.697425698606754,-0.745471390329424,-1.1713584762808
552.552607807808,-0.703582620308637,-0.745236156751307,-1.17119435084681
553.553608908909,-0.709694994457188,-0.745001589526191,-1.17103354829757
554.55461001001,-0.715762183127804,-0.744767659850325,-1.17087614881572
555.555611111111,-0.721783548395885,-0.744534338919957,-1.17072223258392
556.556612212212,-0.727758452336828,-0.744301597931336,-1.17057187978482
557.557613313313,-0.733686257026034,-0.744069408080709,-1.17042517060108
558.558614414414,-0.7395663245389,-0.743837740564326,-1.17028218521534
559.559615515516,-0.745398016950826,-0.743606566578434,-1.17014300381027
560.560616616617,-0.75118069633721,-0.743375857319282,-1.17000770656851
561.561617717718,-0.756913724773451,-0.743145583983118,-1.16987637367272
562.562618818819,-0.762596464334947,-0.742915717766191,-1.16974908530555
563.56361991992,-0.768228277097098,-0.742686229864749,-1.16962592164965
564.564621021021,-0.773808525135302,-0.742457091475039,-1.16950696288767
565.565622122122,-0.779336570524957,-0.742228273793312,-1.16939228920228
566.566623223223,-0.784811775341463,-0.741999748015815,-1.16928198077612
567.567624324324,-0.790233501660218,-0.741771485338796,-1.16917611779184
568.568625425425,-0.79560111155662,-0.741543456958504,-1.16907478043211
569.569626526527,-0.800913967106069,-0.741315634071187,-1.16897804887956
570.570627627628,-0.806171430383963,-0.741087987873093,-1.16888600331686
571.571628728729,-0.811372863465701,-0.740860489560471,-1.16879872392665
572.57262982983,-0.816517628426682,-0.740633110329569,-1.16871629089159
573.573630930931,-0.821605087342304,-0.740405821376636,-1.16863878439434
574.574632032032,-0.826634602287966,-0.740178593897919,-1.16856628461755
575.575633133133,-0.831605535339067,-0.739951399089668,-1.16849887174386
576.576634234234,-0.836517248571006,-0.73972420814813,-1.16843662595593
577.577635335335,-0.84136910405918,-0.739496992269554,-1.16837962743642
578.578636436436,-0.84616046387899,-0.739269722650189,-1.16832795636798
579.579637537538,-0.850890690105833,-0.739042370486282,-1.16828169293326
580.580638638639,-0.855559144815108,-0.738814906974081,-1.16824091731492
581.58163973974,-0.860165190082214,-0.738587303309837,-1.1682057096956
582.582640840841,-0.86470818798255,-0.738359530689796,-1.16817615025796
583.583641941942,-0.869187500591515,-0.738131560310207,-1.16815231918465
584.584643043043,-0.873602489984507,-0.737903363367318,-1.16813429665834
585.585644144144,-0.877952518236924,-0.737674911057378,-1.16812216286166
586.586645245245,-0.882236947424167,-0.737446174576635,-1.16811599797727
587.587646346346,-0.886455139621632,-0.737217125121338,-1.16811588218783
588.588647447447,-0.89060645690472,-0.736987733887734,-1.16812189567598
589.589648548549,-0.894690261348828,-0.736757972072073,-1.16813411862439
590.59064964965,-0.898705915029356,-0.736527810870602,-1.1681526312157
591.591650750751,-0.902652780021702,-0.73629722147957,-1.16817751363257
592.592651851852,-0.906530218401264,-0.736066175095225,-1.16820884605765
593.593652952953,-0.910337592243442,-0.735834642913815,-1.16824670867359
594.594654054054,-0.914074263623635,-0.73560259613159,-1.16829118166305
595.595655155155,-0.91773959461724,-0.735370005944797,-1.16834234520868
596.596656256256,-0.921332947299658,-0.735136843549684,-1.16840027949313
597.597657357357,-0.924853683746285,-0.734903080142501,-1.16846506469906
598.598658458458,-0.928301166032522,-0.734668686919495,-1.16853678100911
599.59965955956,-0.931674756233766,-0.734433635076914,-1.16861550860595
600.600660660661,-0.934973816425418,-0.734197895811008,-1.16870132767222
601.601661761762,-0.938197708682873,-0.733961440318024,-1.16879431839058
602.602662862863,-0.941345795081534,-0.73372423979421,-1.16889456094367
603.603663963964,-0.944417437696797,-0.733486265435816,-1.16900213551416
604.604665065065,-0.947411998604061,-0.733247488439089,-1.1691171222847
605.605666166166,-0.950328839878725,-0.733007880000278,-1.16923960143794
606.606667267267,-0.953167323596188,-0.732767411315631,-1.16936965315653
607.607668368368,-0.955926811831849,-0.732526053581397,-1.16950735762312
608.608669469469,-0.958606666661106,-0.732283777993824,-1.16965279502038
609.609670570571,-0.961206250159357,-0.73204055574916,-1.16980604553094
610.610671671672,-0.963724924402003,-0.731796358043653,-1.16996718933747
611.611672772773,-0.966162051464441,-0.731551156073552,-1.17013630662262
612.612673873874,-0.96851699342207,-0.731304921035106,-1.17031347756904
613.613674974975,-0.970789112350288,-0.731057624124563,-1.17049878235938
614.614676076076,-0.972977770324496,-0.73080923653817,-1.17069230117629
615.615677177177,-0.97508232942009,-0.730559729472176,-1.17089411420244
616.616678278278,-0.97710215171247,-0.730309074122831,-1.17110430162047
617.617679379379,-0.979036599277035,-0.730057241686381,-1.17132294361303
618.618680480481,-0.980885034189183,-0.729804203359076,-1.17155012036279
619.619681581582,-0.982646818524313,-0.729549930337164,-1.17178591205238
620.620682682683,-0.984321314357824,-0.729294393816892,-1.17203039886447
621.621683783784,-0.985907883765114,-0.729037564994511,-1.17228366098171
622.622684884885,-0.987405888821583,-0.728779415066267,-1.17254577858674
623.623685985986,-0.988814691602628,-0.728519915228409,-1.17281683186224
624.624687087087,-0.990133654183649,-0.72825903765038,-1.17309690099083
625.625688188188,-0.991362138640045,-0.727996791287127,-1.17338606615519
626.626689289289,-0.992499507047213,-0.727733232282003,-1.17368440753796
627.62769039039,-0.993545121480553,-0.727468419872668,-1.17399200532179
628.628691491492,-0.994498344015463,-0.727202413296782,-1.17430893968935
629.629692592593,-0.995358536727343,-0.726935271792007,-1.17463529082327
630.630693693694,-0.996125061691591,-0.726667054596003,-1.17497113890622
631.631694794795,-0.996797280983604,-0.726397820946432,-1.17531656412085
632.632695895896,-0.997374556678783,-0.726127630080955,-1.17567164664981
633.633696996997,-0.997856250852527,-0.725856541237232,-1.17603646667575
634.634698098098,-0.998241725580232,-0.725584613652924,-1.17641110438133
635.635699199199,-0.9985303429373,-0.725311906565693,-1.1767956399492
636.6367003003,-0.998721464999127,-0.725038479213199,-1.17719015356201
637.637701401401,-0.998814453841113,-0.724764390833103,-1.17759472540241
638.638702502503,-0.998808671538657,-0.724489700663066,-1.17800943565307
639.639703603604,-0.998703480167157,-0.724214467940749,-1.17843436449662
640.640704704705,-0.998498241802012,-0.723938751903813,-1.17886959211573
641.641705805806,-0.998192318518621,-0.723662611789919,-1.17931519869305
642.642706906907,-0.997785072392382,-0.723386106836728,-1.17977126441123
643.643708008008,-0.997275865498694,-0.723109296281901,-1.18023786945292
644.644709109109,-0.996664059912956,-0.722832239363098,-1.18071509400078
645.64571021021,-0.995949017710567,-0.722554995317982,-1.18120301823746
646.646711311311,-0.995130100966924,-0.722277623384211,-1.18170172234562
647.647712412412,-0.994206671757428,-0.722000182799448,-1.18221128650789
648.648713513513,-0.993178092157476,-0.721722732801354,-1.18273179090695
649.649714614615,-0.992043724242467,-0.721445332627589,-1.18326331572544
650.650715715716,-0.990802930087801,-0.721168041515814,-1.18380593744078
651.651716816817,-0.989455071768876,-0.720890918703691,-1.18435961042503
652.652717917918,-0.987999511361089,-0.720614023428879,-1.18492414206889
653.653719019019,-0.986435610939842,-0.720337414929041,-1.18549933102893
654.65472012012,-0.984762732580531,-0.720061152441837,-1.18608497596176
655.655721221221,-0.982980238358555,-0.719785295204928,-1.18668087552395
656.656722322322,-0.981087490349315,-0.719509902455975,-1.1872868283721
657.657723423423,-0.979083850628206,-0.719235033432638,-1.18790263316279
658.658724524524,-0.97696868127063,-0.71896074737258,-1.18852808855261
659.659725625626,-0.97474134466656,-0.71868710351346,-1.18916299319814
660.660726726727,-0.972401518827921,-0.71841416109294,-1.18980714575598
661.661727827828,-0.969949790448819,-0.718141979348681,-1.19046034488272
662.662728928929,-0.967386908761933,-0.717870617518343,-1.19112238923493
663.66373003003,-0.964713622999942,-0.717600134839587,-1.19179307746922
664.664731131131,-0.961930682395524,-0.717330590550075,-1.19247220824215
665.665732232232,-0.95903883618136,-0.717062043887467,-1.19315958021033
666.666733333333,-0.956038833590126,-0.716794554089424,-1.19385499203035
667.667734434435,-0.952931423854503,-0.716528180393608,-1.19455824235878
668.668735535536,-0.94971735620717,-0.716262982037679,-1.19526912985221
669.669736636637,-0.946397379880805,-0.715999018259298,-1.19598745316724
670.670737737738,-0.942972244108087,-0.715736348296126,-1.19671301096045
671.671738838839,-0.939442698121695,-0.715475031385824,-1.19744560188843
672.67273993994,-0.935809491154309,-0.715215126766053,-1.19818502460777
673.673741041041,-0.932073372438605,-0.714956693674473,-1.19893107777505
674.674742142142,-0.928235091207266,-0.714699791348746,-1.19968356004686
675.675743243243,-0.924295396692967,-0.714444479026533,-1.20044227007979
676.676744344344,-0.92025503812839,-0.714190815945495,-1.20120700653042
677.677745445445,-0.916114764746212,-0.713938861343292,-1.20197756805535
678.678746546547,-0.911875325779112,-0.713688674457586,-1.20275375331117
679.679747647648,-0.90753747045977,-0.713440314526037,-1.20353536095445
680.680748748749,-0.903101948020864,-0.713193840786306,-1.20432218964179
681.68174984985,-0.898569507695074,-0.712949312476055,-1.20511403802977
682.682750950951,-0.893940898715077,-0.712706788832944,-1.20591070477499
683.683752052052,-0.889216870313554,-0.712466329094634,-1.20671198853403
684.684753153153,-0.884398171723182,-0.712227992498786,-1.20751768796347
685.685754254254,-0.879485552176641,-0.711991838283061,-1.20832760171991
686.686755355355,-0.874479760906609,-0.71175792568512,-1.20914152845993
687.687756456456,-0.869381547145767,-0.711526313942624,-1.20995926684013
688.688757557558,-0.864191660126792,-0.711297062293234,-1.21078061551708
689.689758658659,-0.858910849082364,-0.71107022997461,-1.21160537314737
690.69075975976,-0.853539863245161,-0.710845876224415,-1.2124333383876
691.691760860861,-0.848079451847862,-0.710624060280308,-1.21326430989435
692.692761961962,-0.842530364123147,-0.71040484137995,-1.21409808632421
693.693763063063,-0.836893349303693,-0.710188278761004,-1.21493446633377
694.694764164164,-0.831169156622181,-0.709974431661128,-1.21577324857961
695.695765265265,-0.825358535311288,-0.709763359317985,-1.21661423171831
696.696766366366,-0.819462234603694,-0.709555120969235,-1.21745721440648
697.697767467468,-0.813481003732078,-0.709349775852539,-1.2183019953007
698.698768568569,-0.807415591929118,-0.709147383205559,-1.21914837305755
699.69976966967,-0.801266748427494,-0.708948002265955,-1.21999614633362
700.700770770771,-0.795035222459885,-0.708751692271387,-1.2208451137855
701.701771871872,-0.788721763258969,-0.708558512459518,-1.22169507406977
702.702772972973,-0.782327120057425,-0.708368522068008,-1.22254582584303
703.703774074074,-0.775852042087932,-0.708181780334517,-1.22339716776187
704.704775175175,-0.769297278583169,-0.707998346496707,-1.22424889848286
705.705776276276,-0.762663578775816,-0.70781827979224,-1.2251008166626
706.706777377377,-0.755951691898551,-0.707641639458774,-1.22595272095768
707.707778478478,-0.749162367184052,-0.707468484733972,-1.22680441002467
708.70877957958,-0.742296353864998,-0.707298874855495,-1.22765568252018
709.709780680681,-0.73535440117407,-0.707132869061003,-1.22850633710079
710.710781781782,-0.728337258343945,-0.706970526588158,-1.22935617242308
711.711782882883,-0.721245674607302,-0.70681190667462,-1.23020498714364
712.712783983984,-0.714080399196821,-0.70665706855805,-1.23105257991906
713.713785085085,-0.70684218134518,-0.706506071476109,-1.23189874940594
714.714786186186,-0.699531770285058,-0.706358974666459,-1.23274329426084
715.715787287287,-0.692149915249134,-0.706215837366759,-1.23358601314037
716.716788388388,-0.684697365470087,-0.706076718814672,-1.23442670470112
717.71778948949,-0.677174870180596,-0.705941678247857,-1.23526516759966
718.718790590591,-0.66958317861334,-0.705810774903977,-1.23610120049258
719.719791691692,-0.661923040000997,-0.705684068020691,-1.23693460203648
720.720792792793,-0.654195203576248,-0.705561616835661,-1.23776517088795
721.721793893894,-0.64640041857177,-0.705443480586547,-1.23859270570356
722.722794994995,-0.638539434220242,-0.705329718511012,-1.2394170051399
723.723796096096,-0.630612999754343,-0.705220389846714,-1.24023786785358
724.724797197197,-0.622621864406752,-0.705115553831317,-1.24105509250116
725.725798298298,-0.614566777410149,-0.705015269702479,-1.24186847773924
726.726799399399,-0.606448487997212,-0.704919596697863,-1.24267782222441
727.727800500501,-0.59826774540062,-0.704828594055129,-1.24348292461325
728.728801601602,-0.590025298853051,-0.704742321011939,-1.24428358356236
729.729802702703,-0.581721897587186,-0.704660836805952,-1.24507959772832
730.730803803804,-0.573358290835701,-0.704584200674831,-1.24587076576771
731.731804904905,-0.564935227831279,-0.704512471856236,-1.24665688633713
732.732806006006,-0.556453457806595,-0.704445709587827,-1.24743775809316
733.733807107107,-0.54791372999433,-0.704383973107267,-1.24821317969239
734.734808208208,-0.539316793627162,-0.704327321652215,-1.24898294979141
735.735809309309,-0.53066339793777,-0.704275814460333,-1.24974686704681
736.73681041041,-0.521954292158833,-0.704229510769282,-1.25050473011516
737.737811511512,-0.513190225523031,-0.704188469816722,-1.25125633765307
738.738812612613,-0.50437194726304,-0.704152750840316,-1.25200148831712
739.739813713714,-0.495500206611543,-0.704122413077722,-1.25273998076389
740.740814814815,-0.486575752801216,-0.704097515766603,-1.25347161364998
741.741815915916,-0.477599335064738,-0.704078118144619,-1.25419618563196
742.742817017017,-0.468571702634789,-0.704064279449432,-1.25491349536644
743.743818118118,-0.459493604744048,-0.704056058918702,-1.25562334150999
744.744819219219,-0.450365790625194,-0.704053515790089,-1.25632552271921
745.74582032032,-0.441189009510904,-0.704056709301256,-1.25701983765067
746.746821421421,-0.431964010633859,-0.704065698689864,-1.25770608496098
747.747822522523,-0.422691543226736,-0.704080543193572,-1.25838406330671
748.748823623624,-0.413372356522216,-0.704101302050042,-1.25905357134446
749.749824724725,-0.404007199752977,-0.704128034496935,-1.25971440773081
750.750825825826,-0.394596822151697,-0.704160799771911,-1.26036637112235
751.751826926927,-0.385141972951056,-0.704199657112632,-1.26100926017566
752.752828028028,-0.375643401383733,-0.704244665756759,-1.26164287354735
753.753829129129,-0.366101856682406,-0.704295884941953,-1.26226700989398
754.75483023023,-0.356518088079755,-0.704353373905874,-1.26288146787215
755.755831331331,-0.346892844808459,-0.704417191886183,-1.26348604613845
756.756832432432,-0.337226876101196,-0.704487398120542,-1.26408054334947
757.757833533533,-0.327520931190645,-0.704564051846611,-1.26466475816179
758.758834634635,-0.317775759309485,-0.704647212302052,-1.26523848923199
759.759835735736,-0.307992109690395,-0.704736938724524,-1.26580153521668
760.760836836837,-0.298170731566054,-0.70483329035169,-1.26635369477243
761.761837937938,-0.28831237416914,-0.70493632642121,-1.26689476655584
762.762839039039,-0.278417786732334,-0.705046106170745,-1.26742454922348
763.76384014014,-0.268487718488313,-0.705162688837955,-1.26794284143196
764.764841241241,-0.258522918669757,-0.705286133660503,-1.26844944183785
765.765842342342,-0.248524136509344,-0.705416499876048,-1.26894414909774
766.766843443444,-0.238492121239753,-0.705553846722252,-1.26942676186823
767.767844544545,-0.228427622093664,-0.705698233436776,-1.26989707880589
768.768845645646,-0.218331388303756,-0.70584971925728,-1.27035489856732
769.769846746747,-0.208204169102706,-0.706008363421427,-1.27080001980911
770.770847847848,-0.198046713723194,-0.706174225166875,-1.27123224118783
771.771848948949,-0.187859771397899,-0.706347363731286,-1.27165136136009
772.77285005005,-0.1776440913595,-0.706527838352322,-1.27205717898246
773.773851151151,-0.167400422840675,-0.706715708267644,-1.27244949271153
774.774852252252,-0.157129515074104,-0.706911032714911,-1.2728281012039
775.775853353353,-0.146832117292466,-0.707113870931786,-1.27319280311615
776.776854454455,-0.136508978728439,-0.707324282155929,-1.27354339710487
777.777855555556,-0.126160848614702,-0.707542325625001,-1.27387968182664
778.778856656657,-0.115788476183935,-0.707768060576662,-1.27420145593805
779.779857757758,-0.105392610668816,-0.708001546248575,-1.27450851809569
780.780858858859,-0.094974001302024,-0.708242841878399,-1.27480066695615
781.78185995996,-0.08453339731624,-0.708492006703796,-1.27507770117602
782.782861061061,-0.074071547944138,-0.708749099962427,-1.27533941941188
783.783862162162,-0.063589202418401,-0.709014180891952,-1.27558562032031
784.784863263263,-0.053087109971706,-0.709287308730033,-1.27581610255792
785.785864364364,-0.042566019836734,-0.709568542714331,-1.27603066478128
786.786865465465,-0.032026681246161,-0.709857942082506,-1.27622910564699
787.787866566567,-0.021469843432668,-0.710155566072219,-1.27641122381163
788.788867667668,-0.010896255628934,-0.710461473921132,-1.27657681793178
789.789868768769,-0.000306667067636,-0.710775724866904,-1.27672568666404
790.79086986987,0.010298173018545,-0.711098378147198,-1.276857628665
791.791870970971,0.020917515396931,-0.711429492999674,-1.27697244259123
792.792872072072,0.031550610834843,-0.711769128661993,-1.27706992709934
793.793873173173,0.042196710099601,-0.712117344371816,-1.2771498808459
794.794874274274,0.052855063958529,-0.712474199366804,-1.27721210248751
795.795875375375,0.063524923178945,-0.712839752884618,-1.27725639068075
796.796876476476,0.074205538528173,-0.713214064162918,-1.2772825440822
797.797877577578,0.084896160773531,-0.713597192439366,-1.27729036134847
798.798878678679,0.095596040682343,-0.713989196951623,-1.27727964113613
799.79987977978,0.106304429021927,-0.714390136937349,-1.27725018210177
800.800880880881,0.117020576559607,-0.714800071634206,-1.27720178290198
801.801881981982,0.127743734062702,-0.715219060279854,-1.27713424219334
802.802883083083,0.138473152298535,-0.715647162111955,-1.27704735863246
803.803884184184,0.149208082034425,-0.716084436368169,-1.2769409308759
804.804885285285,0.159947774037695,-0.716530942286157,-1.27681475758027
805.805886386387,0.170691479075664,-0.71698673910358,-1.27666863740214
806.806887487488,0.181438447915654,-0.7174518860581,-1.27650236899811
807.807888588589,0.192187931324988,-0.717926442387377,-1.27631575102476
808.80888968969,0.202939180070985,-0.718410467329071,-1.27610858213868
809.809890790791,0.213691444920966,-0.718904020120845,-1.27588066099646
810.810891891892,0.224443976642253,-0.719407160000358,-1.27563178625469
811.811892992993,0.235196026002167,-0.719919946205272,-1.27536175656995
812.812894094094,0.245946843768029,-0.720442437973248,-1.27507037059883
813.813895195195,0.25669568070716,-0.720974694541946,-1.27475742699792
814.814896296296,0.267441787586881,-0.721516775149028,-1.27442272442381
815.815897397397,0.278184415174513,-0.722068739032155,-1.27406606153308
816.816898498499,0.288922814237377,-0.722630645428987,-1.27368723698232
817.8178995996,0.299656235542795,-0.723202553577185,-1.27328604942812
818.818900700701,0.310383929858085,-0.723784522714411,-1.27286229752706
819.819901801802,0.321105147950573,-0.724376612078325,-1.27241577993574
820.820902902903,0.331819140587577,-0.724978880906588,-1.27194629531075
821.821904004004,0.342525158536418,-0.725591388436861,-1.27145364230866
822.822905105105,0.353222452564419,-0.726214193906806,-1.27093761958607
823.823906206206,0.363910273438899,-0.726847356554082,-1.27039802579956
824.824907307307,0.37458787192718,-0.727490935616351,-1.26983465960573
825.825908408408,0.385254498796584,-0.728144990331274,-1.26924731966116
826.826909509509,0.39590940481443,-0.728809579936512,-1.26863580462243
827.827910610611,0.406551840748041,-0.729484763669726,-1.26799991314614
828.828911711712,0.417181057364737,-0.730170600768576,-1.26733944388887
829.829912812813,0.42779630543184,-0.730867150470724,-1.26665419550721
830.830913913914,0.43839683571667,-0.731574472013831,-1.26594396665775
831.831915015015,0.448981898986547,-0.732292624635557,-1.26520855599708
832.832916116116,0.459550746008796,-0.733021667573563,-1.26444776218177
833.833917217217,0.470102627550735,-0.733761660065511,-1.26366138386843
834.834918318318,0.480636794379686,-0.734512661349061,-1.26284921971364
835.835919419419,0.49115249726297,-0.735274730661874,-1.26201106837398
836.836920520521,0.501648986967908,-0.736047927241612,-1.26114672850605
837.837921621622,0.512125514261821,-0.736832310325934,-1.26025599876643
838.838922722723,0.522581329912031,-0.737627939152503,-1.2593386778117
839.839923823824,0.533015684685857,-0.738434872958978,-1.25839456429847
840.840924924925,0.543427829350623,-0.739253170983021,-1.2574234568833
841.841926026026,0.553817014673647,-0.740082892462293,-1.2564251542228
842.842927127127,0.564182491422253,-0.740924096634455,-1.25539945497355
843.843928228228,0.574523510363759,-0.741776842737168,-1.25434615779214
844.844929329329,0.584839322265489,-0.742641190008092,-1.25326506133515
845.84593043043,0.595129177894763,-0.743517197684889,-1.25215596425917
846.846931531531,0.605392328018901,-0.744404925005219,-1.25101866522079
847.847932632633,0.615628023405226,-0.745304431206743,-1.24985296287659
848.848933733734,0.625835514821058,-0.746215775527123,-1.24865865588318
849.849934834835,0.636014053033718,-0.74713901720402,-1.24743554289712
850.850935935936,0.646162888810528,-0.748074215475093,-1.24618342257502
851.851937037037,0.656281272918808,-0.749021429578005,-1.24490209357345
852.852938138138,0.66636845612588,-0.749980718750416,-1.24359135454901
853.853939239239,0.676423689199064,-0.750952142229987,-1.24225100415828
854.85494034034,0.686446222905682,-0.751935759254379,-1.24088084105785
855.855941441441,0.696435308013055,-0.752931629061252,-1.23948066390431
856.856942542543,0.706390195288503,-0.753939810888268,-1.23805027135424
857.857943643644,0.716310135499348,-0.754960363973089,-1.23658946206424
858.858944744745,0.726194379412912,-0.755993347553374,-1.23509803469089
859.859945845846,0.736042177796515,-0.757038820866785,-1.23357578789078
860.860946946947,0.745852781417478,-0.758096843150982,-1.23202252032049
861.861948048048,0.755625441043123,-0.759167473643627,-1.23043803063662
862.862949149149,0.76535940744077,-0.76025077158238,-1.22882211749575
863.86395025025,0.775053931377741,-0.761346796204903,-1.22717457955446
864.864951351351,0.784708263621356,-0.762455606748856,-1.22549521546936
865.865952452453,0.794321654938937,-0.7635772624519,-1.22378382389701
866.866953553554,0.803893356097805,-0.764711822551696,-1.22204020349402
867.867954654655,0.813422617865281,-0.765859346285905,-1.22026415291697
868.868955755756,0.822908691008685,-0.767019892892189,-1.21845547082245
869.869956856857,0.832350826295339,-0.768193521608207,-1.21661395586704
870.870957957958,0.841748274492566,-0.769380291671622,-1.21473940670733
871.871959059059,0.851100286367684,-0.770580262320093,-1.21283162199991
872.87296016016,0.860406112688016,-0.771793492791282,-1.21089040040137
873.873961261261,0.869665004220882,-0.77302004232285,-1.2089155405683
874.874962362362,0.878876211733604,-0.774259970152457,-1.20690684115727
875.875963463463,0.888038985993502,-0.775513335517765,-1.20486410082489
876.876964564565,0.897152577767898,-0.776780197656435,-1.20278711822774
877.877965665666,0.906216237824113,-0.778060615806127,-1.2006756920224
878.878966766767,0.915229216929468,-0.779354649204502,-1.19852962086546
879.879967867868,0.924190765851284,-0.780662357089222,-1.19634870341351
880.880968968969,0.933100135356883,-0.781983798697947,-1.19413273832314
881.88197007007,0.941956576213583,-0.783319033268338,-1.19188152425094
882.882971171171,0.950759339188709,-0.784668120038057,-1.18959485985349
883.883972272272,0.959507675049579,-0.786031118244763,-1.18727254378739
884.884973373373,0.968200834563517,-0.787408087126119,-1.18491437470921
885.885974474475,0.976838068497842,-0.788799085919784,-1.18252015127554
886.886975575576,0.985418627619876,-0.79020417386342,-1.18008967214298
887.887976676677,0.993941762696939,-0.791623410194688,-1.17762273596812
888.888977777778,1.00240672449635,-0.793056854151249,-1.17511914140753
889.889978878879,1.01081276378544,-0.794504564970764,-1.1725786871178
890.89097997998,1.01915913133152,-0.795966601890893,-1.17000117175554
891.891981081081,1.02744507790191,-0.797443024149298,-1.16738639397731
892.892982182182,1.03566985426394,-0.798933890983639,-1.16473415243971
893.893983283283,1.04383271118493,-0.800439261631577,-1.16204424579933
894.894984384384,1.05193289943219,-0.801959195330774,-1.15931647271276
895.895985485485,1.05996966977305,-0.80349375131889,-1.15655063183657
896.896986586587,1.06794227297483,-0.805042988833587,-1.15374652182737
897.897987687688,1.07584995980485,-0.806606967112524,-1.15090394134174
898.898988788789,1.08369198103043,-0.808185745393364,-1.14802268903625
899.89998988989,1.0914675874189,-0.809779382913767,-1.14510256356752
900.900990990991,1.09917602973757,-0.811387938911393,-1.14214336359211
901.901992092092,1.10681655875376,-0.813011472623905,-1.13914488776662
902.902993193193,1.1143884252348,-0.814650043288962,-1.13610693474763
903.903994294294,1.12189087994801,-0.816303710144227,-1.13302930319174
904.904995395395,1.12932317366071,-0.817972532427358,-1.12991179175553
905.905996496497,1.13668455714021,-0.819656569376019,-1.12675419909559
906.906997597597,1.14397428115385,-0.821355880227868,-1.1235563238685
907.907998698699,1.15119159646894,-0.823070524220569,-1.12031796473086
908.9089997998,1.1583357538528,-0.824800560591781,-1.11703892033925
909.910000900901,1.16540600407275,-0.826546048579165,-1.11371898935026
910.911002002002,1.17240159789612,-0.828307047420383,-1.11035797042047
911.912003103103,1.17932178609023,-0.830083616353095,-1.10695566220648
912.913004204204,1.18616581942239,-0.831875814614962,-1.10351186336487
913.914005305305,1.19293294865993,-0.833683701443645,-1.10002637255222
914.915006406407,1.19962242457017,-0.835507336076805,-1.09649898842514
915.916007507508,1.20623349792043,-0.837346777752104,-1.0929295096402
916.917008608609,1.21276541947803,-0.839202085707201,-1.08931773485399
917.91800970971,1.2192174400103,-0.841073319179758,-1.0856634627231
918.919010810811,1.22558881028454,-0.842960537407435,-1.08196649190412
919.920011911912,1.2318787810681,-0.844863799627895,-1.07822662105363
920.921013013013,1.23808660312827,-0.846783165078797,-1.07444364882822
921.922014114114,1.2442115272324,-0.848718692997803,-1.07061737388449
922.923015215215,1.25025280414779,-0.850670442622573,-1.06674759487901
923.924016316316,1.25620968464177,-0.852638473190768,-1.06283411046838
924.925017417417,1.26208141948167,-0.85462284394005,-1.05887671930918
925.926018518519,1.26786725943479,-0.85662361410808,-1.054875220058
926.92701961962,1.27356645526847,-0.858640842932517,-1.05082941137143
927.928020720721,1.27917825775002,-0.860674589651024,-1.04673909190605
928.929021821822,1.28470191764676,-0.862724913501261,-1.04260406031846
929.930022922923,1.29013668572602,-0.864791873720889,-1.03842411526524
930.931024024024,1.29548181275512,-0.866875529547569,-1.03419905540297
931.932025125125,1.30073654950137,-0.868975940218962,-1.02992867938826
932.933026226226,1.3059001467321,-0.871093164972729,-1.02561278587767
933.934027327327,1.31097185521463,-0.87322726304653,-1.02125117352781
934.935028428428,1.31595092571629,-0.875378293678027,-1.01684364099526
935.936029529529,1.32083660900438,-0.877546316104881,-1.0123899869366
936.937030630631,1.32562815584624,-0.879731389564753,-1.00789001000843
937.938031731732,1.33032481700919,-0.881933573295303,-1.00334350886733
938.939032832833,1.33492584326054,-0.884152926534193,-0.998750282169885
939.940033933934,1.33943048536761,-0.886389508519083,-0.99411012857269
940.941035035035,1.34383799409774,-0.888643378487634,-0.989422846732329
941.942036136136,1.34814762021823,-0.890914595677508,-0.98468823530539
942.943037237237,1.35235861449641,-0.893203219326365,-0.979906092948461
943.944038338338,1.3564702276996,-0.895509308671865,-0.97507621831813
944.945039439439,1.36048171059513,-0.897832922951672,-0.970198410070983
945.946040540541,1.36439231395031,-0.900174121403444,-0.96527246686361
946.947041641642,1.36820128853246,-0.902532963264843,-0.960298187352595
947.948042742743,1.37190788510891,-0.90490950777353,-0.955275370194529
948.949043843844,1.37551135444697,-0.907303814167165,-0.950203814045998
949.950044944945,1.37901094731397,-0.909715941683411,-0.945083317563589
950.951046046046,1.38240591447723,-0.912145949559927,-0.939913679403892
951.952047147147,1.38569550670407,-0.914593897034375,-0.934694698223492
952.953048248248,1.38887897476181,-0.917059843344415,-0.929426172678978
953.954049349349,1.39195556941777,-0.919543847727709,-0.924107901426938
954.95505045045,1.39492454143928,-0.922045969421917,-0.918739683123958
955.956051551552,1.39778514159365,-0.924566267664701,-0.913321316426627
956.957052652653,1.4005366206482,-0.92710480169372,-0.907852599991533
957.958053753754,1.40317822937026,-0.929661630746638,-0.902333332475262
958.959054854855,1.40570921852715,-0.932236814061113,-0.896763312534402
959.960055955956,1.40812883888618,-0.934830410874808,-0.891142338825541
960.961057057057,1.41043634121469,-0.937442480425382,-0.885470210005267
961.962058158158,1.41263097627999,-0.940073081950498,-0.879746724730167
962.963059259259,1.41471199484939,-0.942722274687815,-0.873971681656829
963.96406036036,1.41667864769023,-0.945390117874995,-0.86814487944184
964.965061461461,1.41853018556983,-0.948076670749699,-0.862266116741788
965.966062562563,1.4202658592555,-0.950781992549588,-0.856335192213261
966.967063663664,1.42188491951456,-0.953506142512322,-0.850351904512846
967.968064764765,1.42338661711434,-0.956249179875563,-0.844316052297131
968.969065865866,1.42477020282216,-0.959011163876971,-0.838227434222704
969.970066966967,1.42603492740534,-0.961792153754207,-0.832085848946151
970.971068068068,1.4271800416312,-0.964592208744934,-0.825891095124061
971.972069169169,1.42820479626707,-0.96741138808681,-0.819642971413021
972.97307027027,1.42910844208025,-0.970249751017498,-0.813341276469619
973.974071371371,1.42989022983808,-0.973107356774658,-0.806985808950443
974.975072472473,1.43054941030787,-0.975984264595951,-0.800576367512079
975.976073573574,1.43108523425695,-0.978880533719038,-0.794112750811116
976.977074674675,1.43149695245264,-0.98179622338158,-0.787594757504142
977.978075775776,1.43178381566225,-0.984731392821238,-0.781022186247743
978.979076876877,1.43194507465311,-0.987686101275673,-0.774394835698508
979.980077977978,1.43197998019255,-0.990660407982546,-0.767712504513023
980.981079079079,1.43188778304787,-0.993654372179517,-0.760974991347878
981.98208018018,1.43166773398641,-0.996668053104248,-0.754182094859659
982.983081281281,1.43131908377548,-0.999701509994399,-0.747333613704954
983.984082382382,1.4308410831824,-1.00275480208763,-0.74042934654035
984.985083483483,1.4302329829745,-1.00582798862161,-0.733469092022435
985.986084584585,1.4294940339191,-1.00892112883399,-0.726452648807797
986.987085685686,1.42862348678351,-1.01203428196243,-0.719379815553023
987.988086786787,1.42762059233507,-1.0151675072446,-0.712250390914702
988.989087887888,1.42648460134108,-1.01832086391815,-0.705064173549419
989.990088988989,1.42521476456888,-1.02149441122076,-0.697820962113764
990.99109009009,1.42381033278578,-1.02468820839007,-0.690520555264324
991.992091191191,1.4222705567591,-1.02790231466375,-0.683162751657685
992.993092292292,1.42059468725616,-1.03113678927945,-0.675747349950437
993.994093393393,1.41878197504429,-1.03439169147485,-0.668274148799167
994.995094494495,1.41683167089081,-1.0376670804876,-0.660742946860462
995.996095595596,1.41474302556304,-1.04096301555537,-0.653153542790909
996.997096696697,1.41251528982829,-1.04427955591581,-0.645505735247097
997.998097797798,1.41014771445389,-1.04761676080658,-0.637799322885612
998.999098898899,1.40763955020717,-1.05097468946535,-0.630034104363043
1000.0001,1.40499004785543,-1.05435340112977,-0.622209878335978
