,participant_id,frame_id,timestamp,action,JOINT_NONE,JOINT_HEAD,JOINT_NECK,JOINT_TORSO,JOINT_WAIST,JOINT_LEFT_COLLAR,JOINT_LEFT_SHOULDER,JOINT_LEFT_ELBOW,JOINT_LEFT_WRIST,JOINT_LEFT_HAND,JOINT_RIGHT_COLLAR,JOINT_RIGHT_SHOULDER,JOINT_RIGHT_ELBOW,JOINT_RIGHT_WRIST,JOINT_RIGHT_HAND,JOINT_LEFT_HIP,JOINT_LEFT_KNEE,JOINT_LEFT_ANKLE,JOINT_RIGHT_HIP,JOINT_RIGHT_KNEE,JOINT_RIGHT_ANKLE
100,16,1129,"1,64986450074555E+018",teacup,[ 0. -0.  0.],[ 2.06731958 -0.08849497  0.45483029],[ 2.09913525 -0.09887686  0.32963013],[ 2.21843994 -0.11081424 -0.01680441],[ 2.22452295 -0.1122747  -0.22483409],[ 2.12804858 -0.10176987  0.24567194],[ 2.13024536 -0.28706671  0.24106433],[ 2.15839575 -0.44651819  0.01049586],[ 2.0039856  -0.2985733  -0.14071095],[ 1.97310352 -0.26898431 -0.17095232],[ 2.12804858 -0.10176987  0.24567194],[2.14084131 0.07891634 0.22533571],[ 2.18774463  0.13601331 -0.04654483],[ 2.12407861  0.11309698 -0.29955704],[ 2.11134546  0.10851371 -0.35015948],[ 2.26927783 -0.23046576 -0.33040387],[ 2.18598682 -0.1671228  -0.75798474],[ 2.18598682 -0.1671228  -1.17258496],[ 2.25373413  0.00962328 -0.33124927],[ 2.16860449 -0.02203583 -0.76197626],[ 2.16860449 -0.02203583 -1.17657654]
315,16,1389,"1,64986450154247E+018",teapot,[ 0. -0.  0.],[ 2.06779419 -0.13266327  0.47026764],[ 2.10025806 -0.14071786  0.34506253],[ 2.21967578e+00 -1.41880585e-01  1.49990845e-03],[ 2.22329883 -0.13973622 -0.20490918],[ 2.12942725 -0.14100188  0.26114343],[ 2.12684302 -0.32570627  0.25547807],[ 2.17323437 -0.48417111  0.01107089],[ 2.06241138 -0.29491135 -0.14514601],[ 2.04024683 -0.25705939 -0.17638939],[ 2.12942725 -0.14100188  0.26114343],[2.15694385 0.04695276 0.27783679],[2.1818562  0.34074576 0.26989014],[2.18125244 0.52393311 0.46723929],[2.18113159 0.56057056 0.50670911],[ 2.25576099 -0.25215979 -0.30752701],[ 2.20119409 -0.21711284 -0.75876068],[ 2.20119409 -0.21711284 -1.17336096],[ 2.25225928 -0.01953725 -0.29783514],[ 2.18972534 -0.02223312 -0.74938794],[ 2.18972534 -0.02223312 -1.16398828]
375,16,1573,"1,64986450205492E+018",spoon,[ 0. -0.  0.],[ 2.08755542 -0.09043061  0.48965192],[ 2.10037061 -0.09525517  0.36078149],[ 2.20042383 -0.10415162  0.00420935],[ 2.20695654 -0.1099047  -0.20242984],[ 2.12436621 -0.09738879  0.27526544],[ 2.12502319 -0.28000171  0.27047498],[ 2.18228662 -0.56927527  0.26419638],[ 2.13975659 -0.50728168  0.52216559],[ 2.13125049 -0.49488297  0.5737594 ],[ 2.12436621 -0.09738879  0.27526544],[2.15039526 0.08639938 0.27479623],[2.12666943 0.37681702 0.22905276],[2.07971704 0.3138916  0.4860274 ],[2.07032666 0.30130652 0.53742236],[ 2.24809229 -0.22370901 -0.30321082],[ 2.22539185 -0.19828259 -0.76270135],[ 2.22539185 -0.19828259 -1.17730164],[ 2.23947241  0.0052951  -0.30348059],[ 2.18830981 -0.01050023 -0.76111182],[ 2.18830981 -0.01050023 -1.17571216]
712,16,1960,"1,6498645032062E+018",ladle,[ 0. -0.  0.],[ 2.0716499  -0.08253651  0.46314722],[ 2.08284277 -0.08933913  0.33420947],[ 2.19682666 -0.11480064 -0.01597311],[ 2.2102251  -0.12005917 -0.22367929],[ 2.1102771  -0.09546735  0.24992552],[ 2.10857153 -0.276229    0.24582437],[ 2.12461914 -0.39739911 -0.02262589],[ 1.87271936 -0.30325702 -0.03657045],[ 1.82233936 -0.28442859 -0.03935936],[ 2.1102771  -0.09546735  0.24992552],[2.12518604 0.09069096 0.23830365],[ 2.1319353   0.20052158 -0.03536937],[ 1.88296289  0.11176561 -0.08680674],[ 1.83316846  0.09401442 -0.09709422],[ 2.2540105  -0.23615759 -0.32760547],[ 2.22229565 -0.20477997 -0.76343207],[ 2.22229565 -0.20477997 -1.17804932],[ 2.2494353 -0.0044296 -0.3285968],[ 2.18152661 -0.00892238 -0.76138245],[ 2.18152661 -0.00892238 -1.17599976]
805,16,2053,"1,64986450346275E+018",initial,[ 0. -0.  0.],[ 2.09088452 -0.09143168  0.46319269],[ 2.09302222 -0.09316731  0.33357715],[ 2.21111743 -0.10019972 -0.01113492],[ 2.22417627 -0.10099263 -0.22060773],[ 2.12182202 -0.09488231  0.24951227],[ 2.10889502 -0.27432153  0.2315282 ],[ 2.15511401 -0.33603595 -0.04918259],[ 2.15584644 -0.38304398 -0.33478641],[ 2.15599292 -0.39244559 -0.39190717],[ 2.12182202 -0.09488231  0.24951227],[2.13493066 0.07962495 0.22463086],[ 2.17564893  0.12938887 -0.05928637],[ 2.11855054  0.12411319 -0.34299704],[ 2.10713086  0.12305805 -0.39973917],[ 2.26069653 -0.21939288 -0.33735547],[ 2.21023706 -0.16920021 -0.76312201],[ 2.21023706 -0.16920021 -1.17787842],[ 2.25369653  0.02159711 -0.33269519],[ 2.19844751 -0.02014627 -0.7587793 ],[ 2.19844751 -0.02014627 -1.17353564]
827,16,2177,"1,64986450378624E+018",shallow_plate,[ 0. -0.  0.],[ 2.09944727 -0.09071546  0.45379987],[ 2.1169917  -0.09388803  0.32528625],[ 2.20834985 -0.11843079 -0.01732654],[ 2.22262476 -0.11876914 -0.2247683 ],[ 2.139854   -0.10002981  0.23954811],[ 2.12330054 -0.27224048  0.23649319],[ 2.02735083 -0.38370782 -0.01890972],[ 1.85235168 -0.31686295  0.17686024],[ 1.81735181 -0.30349396  0.21601424],[ 2.139854   -0.10002981  0.23954811],[2.14199365 0.07627367 0.22452158],[ 2.08442554  0.19209842 -0.04030381],[1.90129333 0.12444736 0.14759183],[1.86466687 0.11091714 0.18517096],[ 2.24671631 -0.23254257 -0.32509149],[ 2.19455664 -0.20410471 -0.76176495],[ 2.19455664 -0.20410471 -1.17684021],[ 2.25467383 -0.00732175 -0.32567584],[ 2.18095996 -0.01018873 -0.76015387],[ 2.18095996 -0.01018873 -1.17522913]
865,16,2391,"1,64986450453421E+018",dinner_plate,[ 0. -0.  0.],[ 2.12479907 -0.0855457   0.45700555],[ 2.137396   -0.08259583  0.32768451],[ 2.2303833  -0.10582507 -0.01767947],[ 2.23406689 -0.11080025 -0.22554616],[ 2.16051172 -0.08837037  0.24183078],[ 2.14111011 -0.26177539  0.23693654],[ 2.06155884 -0.30002124 -0.04521459],[ 1.81342578 -0.22924663  0.05401131],[ 1.71470581 -0.20108888  0.09348843],[ 2.16051172 -0.08837037  0.24183078],[2.16679468 0.09028095 0.22968642],[ 1.99888196e+00  1.66646042e-01 -1.34205246e-03],[1.72883337 0.12876643 0.04408603],[1.67482361 0.12119051 0.05317165],[ 2.26309399 -0.22442938 -0.3203577 ],[ 2.22452466 -0.2068866  -0.76416205],[ 2.22452466 -0.2068866  -1.179948  ],[ 2.26270801  0.00243333 -0.31980533],[ 2.18697461 -0.0053679  -0.75907892],[ 2.18697461 -0.0053679  -1.17486487]
923,16,2631,"1,64986450522749E+018",knife,[ 0. -0.  0.],[ 2.06725659 -0.09325227  0.46904858],[ 2.09611816 -0.09117548  0.34362396],[ 2.19718188e+00 -9.81087875e-02 -6.58874512e-05],[ 2.20875195 -0.09659753 -0.20595309],[ 2.12126245 -0.09290047  0.25811481],[ 2.11424243 -0.27542865  0.2621756 ],[ 2.00320471 -0.48937497  0.0904566 ],[ 1.87433752 -0.30516907  0.25101588],[ 1.84856409 -0.26832788  0.28312775],[ 2.12126245 -0.09290047  0.25811481],[2.13595215 0.07445667 0.23457898],[ 2.19248975  0.1404082  -0.04834096],[ 2.10857129  0.12177914 -0.31088327],[ 2.0917876   0.11805332 -0.36339172],[ 2.25594775 -0.21095531 -0.30933197],[ 2.20871973 -0.17390471 -0.73807532],[ 2.20871973 -0.17390471 -1.1540835 ],[ 2.25036865  0.01938022 -0.31067328],[ 2.19841724 -0.00885683 -0.73954144],[ 2.19841724 -0.00885683 -1.15554956]
1023,16,2898,"1,64986450600631E+018",fork,[ 0. -0.  0.],[ 2.1209082  -0.08796415  0.47331195],[ 2.13489648 -0.08973056  0.34548895],[ 2.20806104 -0.10978155 -0.002879  ],[ 2.21700781 -0.10895829 -0.20416568],[ 2.15319019 -0.09474404  0.25838425],[ 2.13963501 -0.280005    0.28252176],[ 1.99403442 -0.46729367  0.10573479],[ 1.96724011 -0.33725671  0.34172485],[ 1.96188123 -0.31124933  0.38892285],[ 2.15319019 -0.09474404  0.25838425],[2.16461768 0.08366719 0.24935599],[1.96685132 0.25949344 0.11705405],[1.95277319 0.14796797 0.36339276],[1.94995752 0.12566288 0.41266049],[ 2.24423364 -0.22970221 -0.26255573],[ 2.21233765 -0.20529875 -0.71237201],[ 2.21233765 -0.20529875 -1.12838013],[ 2.256229    0.00373215 -0.27032874],[ 2.17638672 -0.01350639 -0.7144859 ],[ 2.17638672 -0.01350639 -1.13049402]
1122,16,3187,"1,64986450688565E+018",salt_shaker_right,[ 0. -0.  0.],[ 2.02857178 -0.06410736  0.46489432],[ 2.0685835  -0.06913039  0.3412691 ],[ 2.21090601 -0.11613007  0.00267715],[ 2.22255054 -0.12556551 -0.20606432],[ 2.1028479  -0.08044563  0.25975256],[ 2.09342822 -0.25154021  0.2583493 ],[ 2.284979   -0.36662308  0.05723744],[ 2.35384326 -0.42883575 -0.20228433],[ 2.36761621 -0.44127829 -0.25418869],[ 2.1028479  -0.08044563  0.25975256],[2.11033154 0.10301665 0.24437334],[ 2.10236377  0.20547324 -0.03815253],[ 1.82712378  0.21675943 -0.04708928],[ 1.77207581  0.21901666 -0.04887663],[ 2.27453564 -0.23941605 -0.31348364],[ 2.22736572 -0.20386603 -0.76213226],[ 2.22736572 -0.20386603 -1.17814038],[ 2.26086499 -0.00790793 -0.3104758 ],[ 2.18826172 -0.03166807 -0.75650116],[ 2.18826172 -0.03166807 -1.17250928]
1137,16,3202,"1,64986450694127E+018",salt_shaker_left,[ 0. -0.  0.],[ 2.02822339 -0.07677348  0.46740805],[ 2.06626978 -0.07719307  0.34306311],[ 2.21432275 -0.08390869  0.00672672],[ 2.22544702 -0.08929684 -0.20255983],[ 2.10217944 -0.07882192  0.26148578],[ 2.07131396 -0.25856567  0.24762837],[ 2.08443091 -0.43259766  0.00475677],[ 1.81801318 -0.47628085 -0.01777733],[ 1.76472961 -0.48501749 -0.02228415],[ 2.10217944 -0.07882192  0.26148578],[2.14644067 0.08993404 0.25548221],[ 2.26424292  0.16765727 -0.00819848],[ 2.24345361  0.17870117 -0.27808783],[ 2.23929565  0.18090996 -0.3320657 ],[ 2.25899512 -0.20631271 -0.3093822 ],[ 2.1969209  -0.14501976 -0.73178619],[ 2.1969209  -0.14501976 -1.14779431],[ 2.26832544  0.02353815 -0.30816119],[ 2.18860547 -0.0104435  -0.73068359],[ 2.18860547 -0.0104435  -1.14669165]
1362,16,3475,"1,64986450780335E+018",sugar_bowl,[ 0. -0.  0.],[ 2.07395898 -0.08753046  0.46025891],[ 2.089729   -0.09229089  0.33127051],[ 2.19293677 -0.11126327 -0.01265875],[ 2.20991064 -0.11472003 -0.21700154],[ 2.11531592 -0.09699445  0.24600493],[ 2.10734229 -0.27532104  0.2359184 ],[ 2.05799585 -0.37689374 -0.03764659],[ 1.84141357 -0.1991199   0.01244417],[ 1.79809717 -0.16356514  0.02246232],[ 2.11531592 -0.09699445  0.24600493],[2.12267236 0.08651384 0.23204407],[ 2.09746826  0.16812398 -0.05131861],[ 1.88312952 -0.01127043  0.00250559],[ 1.84026172 -0.04714931  0.01327043],[ 2.24400635 -0.23287978 -0.33089996],[ 2.21793652 -0.2034895  -0.7704657 ],[ 2.21793652 -0.2034895  -1.18647388],[ 2.24769922e+00  1.05640411e-03 -3.30083771e-01],[ 2.17422241 -0.01445108 -0.76496558],[ 2.17422241 -0.01445108 -1.18097363]
1563,16,3762,"1,64986450865741E+018",mixer,[ 0. -0.  0.],[ 2.0846604  -0.07877818  0.47190128],[ 2.1103999  -0.0958376   0.34558496],[ 2.22555225e+00 -1.02180786e-01 -9.19219971e-04],[ 2.2248999  -0.10355973 -0.20785522],[ 2.13850952 -0.09738602  0.26100076],[ 2.13053735 -0.27945529  0.25298447],[ 2.14273437 -0.52985785  0.09569601],[ 1.95529553 -0.52501642  0.29866638],[ 1.91780774 -0.52404816  0.33926047],[ 2.13850952 -0.09738602  0.26100076],[2.15385181 0.08626302 0.25813721],[2.03696802 0.33512735 0.14861737],[1.9609292  0.28609253 0.40970639],[1.94572144 0.27628555 0.46192419],[ 2.25694702 -0.22037178 -0.30944101],[ 2.2265022  -0.19357513 -0.7728255 ],[ 2.2265022  -0.19357513 -1.18883362],[ 2.25868677  0.01277141 -0.30890491],[ 2.19071191e+00 -7.16769755e-04 -7.68869812e-01],[ 2.19071191e+00 -7.16769755e-04 -1.18487793e+00]
1613,16,3901,"1,6498645093017E+018",pressure_cooker,[ 0. -0.  0.],[ 1.99884741 -0.19936961  0.55643842],[ 2.00853223 -0.21560281  0.43647784],[ 2.16139258 -0.23339912  0.13665369],[ 2.19863135 -0.23952856 -0.071968  ],[ 2.04629395 -0.21999911  0.36241107],[ 2.02909644 -0.3828494   0.34481522],[ 1.96557104 -0.51799176  0.1122331 ],[ 1.85501697 -0.34932422  0.26387631],[ 1.83290613 -0.3155907   0.29420496],[ 2.04629395 -0.21999911  0.36241107],[ 2.05776001 -0.05324411  0.3469646 ],[1.9820509  0.04756775 0.10100031],[ 1.85161316 -0.11922377  0.23823433],[ 1.82552563 -0.15258208  0.26568112],[ 2.24111182 -0.35751889 -0.2074353 ],[ 2.16920166 -0.32990198 -0.61321112],[ 2.16920166 -0.32990198 -1.00172131],[ 2.25217651 -0.13362759 -0.21441933],[ 2.18597656 -0.16831476 -0.6206239 ],[ 2.18597656 -0.16831476 -1.00913416]
63,18,1122,"1,64986453704275E+018",teacup,[ 0. -0.  0.],[2.34021851 0.02367101 0.73369427],[2.38607324 0.02231651 0.59918823],[2.49197925 0.02707373 0.2324624 ],[2.49796387 0.03291729 0.01214822],[2.41310205 0.02353062 0.50559436],[ 2.43064917 -0.1651779   0.50821844],[ 2.57314429 -0.36484424  0.29173959],[ 2.38772168 -0.20365804  0.09960802],[ 2.35063721 -0.17142079  0.0611817 ],[2.41310205 0.02353062 0.50559436],[2.42231909 0.20433257 0.49443579],[2.51846533 0.27223477 0.18918201],[ 2.41896973  0.2592901  -0.10613171],[ 2.39907056  0.25670117 -0.16519446],[ 2.53910522 -0.0958243  -0.09070432],[ 2.53593213 -0.0783219  -0.59076562],[ 2.53593213 -0.0783219  -1.04541284],[ 2.5568269   0.14861876 -0.10005432],[ 2.51891528  0.10593542 -0.59716449],[ 2.51891528  0.10593542 -1.05181165]
182,18,1421,"1,64986453793968E+018",teapot,[ 0. -0.  0.],[2.38018457e+00 1.09071255e-03 7.51340454e-01],[2.42658276 0.00942532 0.61727295],[2.53018726 0.01150414 0.25667947],[2.52074829 0.0109928  0.03917799],[2.45348608 0.00996513 0.5236366 ],[ 2.4765791  -0.18160889  0.52832452],[ 2.58871655 -0.3508847   0.27399414],[ 2.42435059 -0.23421634  0.0343422 ],[ 2.39147729 -0.21088266 -0.01358819],[2.45348608 0.00996513 0.5236366 ],[2.45567188 0.20545212 0.52990692],[2.44159985 0.52872949 0.49516803],[2.34535742 0.57516846 0.78951727],[2.32610889 0.58445624 0.84838715],[ 2.54818506 -0.11929068 -0.06520924],[ 2.55816699 -0.09295329 -0.55804944],[ 2.55816699 -0.09295329 -1.01269666],[ 2.55820923  0.13222023 -0.07439102],[ 2.51935986  0.09139886 -0.56480829],[ 2.51935986  0.09139886 -1.01945544]
212,18,1585,"1,64986453859089E+018",spoon,[ 0. -0.  0.],[2.36270654 0.0123446  0.80727289],[2.40069141 0.01323613 0.67071082],[2.46575244 0.00725405 0.28267368],[2.4752124  0.01097872 0.06057686],[2.4167998  0.01175503 0.57463708],[ 2.43253003 -0.19600911  0.59148334],[ 2.44322681 -0.50350278  0.69112921],[ 2.42621851 -0.36564749  0.95214795],[ 2.42281689 -0.33807645  1.00435168],[2.4167998  0.01175503 0.57463708],[2.43022461 0.21704768 0.57763611],[2.39826904 0.52511505 0.67074597],[2.34922852 0.43893417 0.94929938],[2.33942041 0.421698   1.00501007],[ 2.51108936 -0.11933484 -0.02494006],[ 2.56399585 -0.10540723 -0.50960666],[ 2.56399585 -0.10540723 -0.96425385],[ 2.52898462  0.12352571 -0.04200829],[ 2.52526416  0.09245528 -0.52874811],[ 2.52526416  0.09245528 -0.98339526]
253,18,1648,"1,64986453881655E+018",ladle,[ 0. -0.  0.],[2.39021899 0.04065969 0.73039111],[2.41622827 0.03971729 0.60297479],[2.51326465 0.0146703  0.22987292],[2.51590552 0.01085928 0.00695767],[2.43952832 0.03370311 0.51338708],[ 2.45497705 -0.15103296  0.51919269],[ 2.45538599 -0.37573425  0.29227451],[ 2.17668164 -0.42540195  0.23859021],[ 2.06549683 -0.44521609  0.21717371],[2.43952832 0.03370311 0.51338708],[2.45457666 0.22179504 0.50156647],[2.45834741 0.35917026 0.2133018 ],[2.17532324 0.37305746 0.26554678],[2.06241528 0.37859753 0.28638907],[ 2.53837524 -0.10437402 -0.09823226],[ 2.53837524 -0.10437402 -0.55843256],[ 2.53837524 -0.10437402 -0.99132037],[ 2.56541821  0.10529848 -0.11124158],[ 2.56541821  0.10529848 -0.57144189],[ 2.56541821  0.10529848 -1.00432971]
391,18,1849,"1,64986453944345E+018",shallow_plate,[ 0. -0.  0.],[2.41461914 0.03664135 0.72972742],[2.42553369 0.02586842 0.58765698],[2.48521216 0.01291453 0.1900383 ],[ 2.49543652  0.01626509 -0.02900087],[2.44006909 0.02271335 0.49081226],[ 2.46440918 -0.17051051  0.48351392],[ 2.49699243 -0.29161847  0.18337857],[ 2.20723169 -0.18309515  0.10584619],[ 2.14927954 -0.16139049  0.09033971],[2.44006909 0.02271335 0.49081226],[2.45287329 0.22012561 0.47612912],[2.45439209 0.31115231 0.16384421],[2.20488818 0.13176295 0.07830361],[2.1549873  0.09588509 0.06119549],[ 2.53586084 -0.10731607 -0.12907114],[ 2.55877954 -0.08459677 -0.6308822 ],[ 2.55877954 -0.08459677 -1.08811572],[ 2.55529858  0.12851527 -0.13556546],[ 2.58328638  0.11694297 -0.63750024],[ 2.64835156  0.12249179 -1.09004663]
463,18,1975,"1,64986453982996E+018",dinner_plate,[ 0. -0.  0.],[2.40576074 0.03165147 0.66601587],[2.41565601 0.02258142 0.52378198],[ 2.47939697 -0.02967632  0.13732904],[ 2.48586401 -0.01240705 -0.0991994 ],[2.43146167 0.00962329 0.4279549 ],[ 2.45321729 -0.16436703  0.44519266],[ 2.33452393 -0.41856256  0.28104135],[ 2.10924512 -0.31163959  0.4541806 ],[ 2.06418945 -0.290255    0.48880844],[2.43146167 0.00962329 0.4279549 ],[2.42935181 0.21451302 0.44954218],[2.22396387 0.36954306 0.25097081],[2.01272156 0.25640543 0.43734885],[1.97047314 0.23377789 0.47462445],[ 2.52273267 -0.12669583 -0.13254774],[ 2.45897534 -0.06578171 -0.61057568],[ 2.45897534 -0.06578171 -1.06781921],[ 2.52374585  0.1040523  -0.11915504],[ 2.43522778  0.13722922 -0.59596735],[ 2.43522778  0.13722922 -1.05321094]
471,18,2675,"1,64986454210874E+018",initial,[ 0. -0.  0.],[2.36424023 0.02413536 0.72151672],[2.40353052 0.01879864 0.60362543],[2.51707812 0.0046914  0.24757431],[2.51232471 0.00701956 0.01557422],[2.43127319 0.01535186 0.51663251],[ 2.4438269  -0.15865202  0.51159412],[ 2.52066016 -0.23835248  0.23387958],[ 2.4512627  -0.27655081 -0.03148432],[ 2.42288867 -0.29216867 -0.13998157],[2.43127319 0.01535186 0.51663251],[2.44024048 0.19221312 0.50281812],[2.49243335 0.24804881 0.21378674],[ 2.4037207   0.23560213 -0.04825953],[ 2.36744946  0.23051315 -0.15540033],[ 2.54851611 -0.10751092 -0.09328951],[ 2.54851611 -0.10751092 -0.54660052],[ 2.54851611 -0.10751092 -0.97300793],[ 2.5477605   0.11757521 -0.09976093],[ 2.5477605   0.11757521 -0.55307196],[ 2.5477605   0.11757521 -0.97947937]
499,18,2703,"1,64986454219577E+018",fork,[ 0. -0.  0.],[2.40070752 0.0271918  0.72941809],[2.42074023 0.02060424 0.60375183],[2.51869995 0.00556265 0.2382731 ],[2.51936206 0.00529135 0.01891951],[2.44455762 0.01694712 0.51489166],[ 2.44834399 -0.17671329  0.52378772],[ 2.4523772  -0.4361442   0.35901901],[ 2.29255127 -0.40346432  0.59605682],[ 2.26058618 -0.39692834  0.64346436],[2.44455762 0.01694712 0.51489166],[2.45431641 0.21232593 0.51316559],[2.34696533 0.4182832  0.31185303],[2.20690723 0.34960553 0.55365094],[2.15125513 0.32231644 0.64972937],[ 2.54394922 -0.1055583  -0.07515717],[ 2.54394922 -0.1055583  -0.53191516],[ 2.54394922 -0.1055583  -0.96156506],[ 2.55566187  0.1055285  -0.08346407],[ 2.55566187  0.1055285  -0.54022205],[ 2.55566187  0.1055285  -0.96987195]
620,18,3012,"1,64986454317862E+018",salt_shaker_right,[ 0. -0.  0.],[2.32137109 0.02872993 0.73296252],[2.37277393 0.0328009  0.59982379],[2.49154907 0.04118572 0.23067914],[2.49743872e+00 4.19355888e-02 1.05386353e-03],[2.40275562 0.03491743 0.5066431 ],[ 2.44049512 -0.1515202   0.50525281],[ 2.68678491 -0.23189027  0.30094745],[ 2.80892139 -0.33836115  0.02636728],[ 2.83334863 -0.35965533 -0.02854876],[2.40275562 0.03491743 0.5066431 ],[2.41003394 0.21893089 0.49271915],[2.483229   0.3003688  0.18148149],[ 2.34250146  0.29232407 -0.10448818],[ 2.31435596  0.29071512 -0.16168211],[ 2.55503101 -0.08257109 -0.08935327],[ 2.55353882 -0.04515976 -0.58814093],[ 2.55353882 -0.04515976 -1.04503821],[ 2.55758545  0.15844901 -0.09881535],[ 2.54540527  0.09110405 -0.59430231],[ 2.54540527  0.09110405 -1.05119958]
631,18,3023,"1,64986454321952E+018",salt_shaker_left,[ 0. -0.  0.],[2.34012695 0.02875072 0.73392419],[2.35468164 0.02785987 0.597534  ],[2.52316846 0.01542543 0.25022107],[2.54128369 0.01466035 0.02094092],[2.39570361 0.02483242 0.51297266],[ 2.42229248 -0.15042239  0.51950562],[ 2.55149951 -0.26512457  0.25594934],[ 2.30863208 -0.29286819  0.1077171 ],[ 2.26005859 -0.29841693  0.07807066],[2.39570361 0.02483242 0.51297266],[2.41367529 0.20374103 0.5079248 ],[2.61503296 0.27145761 0.27515347],[2.6806665  0.33867984 0.00515247],[ 2.70741895  0.36607977 -0.10490051],[ 2.56716357 -0.10322981 -0.09738253],[ 2.56716357 -0.10322981 -0.56389233],[ 2.56716357 -0.10322981 -1.00271521],[ 2.58999902  0.11361829 -0.11276054],[ 2.58999902  0.11361829 -0.57927039],[ 2.58999902  0.11361829 -1.01809326]
757,18,3235,"1,64986454399311E+018",sugar_bowl,[ 0. -0.  0.],[2.36327466 0.02536078 0.72606238],[2.40814307 0.0245846  0.59589722],[2.51736865 0.01705657 0.2256051 ],[2.51139038e+00 1.63290977e-02 2.11204529e-03],[2.43570972 0.02268465 0.50244193],[ 2.45408032 -0.16653961  0.50652145],[ 2.55392114 -0.28154086  0.22106654],[ 2.26148364 -0.24743617  0.13294785],[ 2.20299609 -0.24061523  0.1153241 ],[2.43570972 0.02268465 0.50244193],[2.44569775 0.21100365 0.49360199],[2.5237312  0.31146188 0.19611771],[2.23298633 0.26481079 0.10814729],[2.1748374  0.25548058 0.09055321],[ 2.53743213 -0.10470634 -0.08716719],[ 2.53468262 -0.07228819 -0.56910901],[ 2.53468262 -0.07228819 -1.02388995],[ 2.56001758  0.11829383 -0.10199393],[ 2.52609399  0.09926003 -0.58346387],[ 2.52609399  0.09926003 -1.03824487]
800,18,3405,"1,64986454465071E+018",mixer,[ 0. -0.  0.],[2.37339844 0.0276643  0.75475037],[2.40822412 0.02486595 0.62363367],[2.4976687  0.01117821 0.24816055],[2.50069849 0.00837031 0.02895627],[2.43032178 0.02148436 0.53087201],[ 2.43663892 -0.1757495   0.54105908],[ 2.44971167 -0.4636015   0.40971619],[ 2.35508911 -0.37455243  0.66947119],[ 2.31655151 -0.33828473  0.77526361],[2.43032178 0.02148436 0.53087201],[2.45700903 0.22130815 0.54054932],[2.33575195 0.47310229 0.39162943],[2.26890112 0.37000153 0.65479663],[2.25553101 0.34938138 0.70743005],[ 2.54156299 -0.10863174 -0.06541114],[ 2.54126855 -0.08640881 -0.54541998],[ 2.54126855 -0.08640881 -0.9906933 ],[ 2.54777466  0.12282607 -0.0651755 ],[ 2.54250537  0.09504693 -0.54486597],[ 2.54250537  0.09504693 -0.99013928]
78,17,870,"1,64986451504745E+018",teacup,[ 0. -0.  0.],[2.37364209 0.03903125 0.49145453],[2.39300781 0.04362177 0.36851572],[2.47235132 0.02919136 0.04380939],[ 2.47803687  0.02644339 -0.16839383],[2.41325513 0.03993933 0.28565518],[ 2.38952173 -0.12816612  0.27975125],[ 2.40140649e+00 -1.78744812e-01  1.25734329e-03],[ 2.32432471 -0.18646869 -0.24563493],[ 2.29280884 -0.18962669 -0.34657983],[2.41325513 0.03993933 0.28565518],[2.42948315 0.20867412 0.2745495 ],[2.45740259 0.32449969 0.01752186],[ 2.31550073  0.28978174 -0.19605618],[ 2.28712036  0.28283813 -0.23877179],[ 2.50859985 -0.09146208 -0.24723462],[ 2.45191626  0.03527774 -0.64991174],[ 2.45191626  0.03527774 -1.04833508],[ 2.50843628  0.13661195 -0.25959796],[ 2.41886133  0.10273774 -0.67463251],[ 2.41886133  0.10273774 -1.07305591]
269,17,1120,"1,64986451510052E+018",teapot,[ 0. -0.  0.],[2.3478269  0.04459109 0.52187988],[2.3786709  0.02775229 0.40452295],[2.42906616 0.02221968 0.06414975],[ 2.44293433  0.02450127 -0.1508082 ],[2.39096973 0.02640207 0.32145593],[ 2.40830225 -0.15364418  0.32842267],[ 2.44137549 -0.40317261  0.44404169],[ 2.46122095 -0.59222449  0.61161969],[ 2.46518994 -0.63003485  0.64513531],[2.39096973 0.02640207 0.32145593],[2.41052051 0.19392708 0.29990228],[2.46231104 0.31057172 0.05406132],[ 2.31724561  0.256439   -0.14654411],[ 2.2576709   0.23420802 -0.22892783],[ 2.48416113 -0.08080923 -0.22726532],[ 2.55522119 -0.02402995 -0.6339552 ],[ 2.55522119 -0.02402995 -1.02587109],[ 2.48888086  0.12098585 -0.23601541],[ 2.54798193  0.11244986 -0.64845239],[ 2.54798193  0.11244986 -1.04036829]
368,17,1352,"1,64986451515049E+018",spoon,[ 0. -0.  0.],[2.3329436  0.0254091  0.51456775],[2.34650659 0.0290992  0.3959574 ],[2.40978271e+00 7.51934052e-04 6.38218689e-02],[ 2.42496729  0.0179421  -0.14835445],[2.3617771  0.02225815 0.3158031 ],[ 2.34926001 -0.16800621  0.32730115],[ 2.34781104 -0.38841736  0.16819708],[ 2.24201392 -0.25963788  0.35206799],[ 2.22085449 -0.23388199  0.38884216],[2.3617771  0.02225815 0.3158031 ],[2.3884021  0.2065905  0.29440244],[2.31850122 0.40940491 0.12743692],[2.27223877 0.31918439 0.3539447 ],[2.26298633 0.30114029 0.39924625],[ 2.45661841 -0.08915529 -0.21962349],[ 2.45661841 -0.08915529 -0.62584338],[ 2.45661841 -0.08915529 -1.00795392],[ 2.4595647   0.1121054  -0.23262874],[ 2.48964307  0.06023469 -0.63439899],[ 2.48964307  0.06023469 -1.01650952]
458,17,1488,"1,64986451517963E+018",ladle,[ 0. -0.  0.],[2.38190161 0.03350297 0.47948422],[2.40534668 0.02614027 0.36199387],[2.44423145 0.02495622 0.02116071],[ 2.4783252   0.02508673 -0.19490703],[2.4148335  0.02585139 0.27883929],[ 2.40420874 -0.14329639  0.27635205],[ 2.2216521  -0.22266112  0.09182759],[ 2.07003784 -0.029661    0.15591148],[2.03971497 0.00893903 0.16872826],[2.4148335  0.02585139 0.27883929],[2.41588989 0.19181711 0.26988184],[2.2778252  0.28108878 0.05391028],[2.08058228 0.14724654 0.14065204],[2.04113367 0.12047809 0.1580004 ],[ 2.51435327 -0.08209637 -0.26925104],[ 2.55050806 -0.09741663 -0.68396667],[ 2.55050806 -0.09741663 -1.07453418],[ 2.51727051  0.12207417 -0.28311627],[ 2.55297412  0.11618886 -0.69811218],[ 2.55297412  0.11618886 -1.08867969]
591,17,1973,"1,64986451528461E+018",shallow_plate,[ 0. -0.  0.],[2.4259519  0.03341534 0.49176129],[2.4018042  0.01805209 0.36190106],[2.43145752 0.00612857 0.00382571],[ 2.45041846  0.01032584 -0.20631097],[2.40932373 0.01502851 0.27109991],[ 2.40164014 -0.15942709  0.27208838],[ 2.19313745 -0.35073276  0.16473344],[ 1.98375439 -0.31712695  0.34183881],[ 1.94187781 -0.31040579  0.37725989],[2.40932373 0.01502851 0.27109991],[2.42172729 0.18824893 0.26089951],[2.22651782 0.36463394 0.11130705],[2.01069421 0.41000165 0.27773676],[1.96752954 0.4190752  0.31102271],[ 2.51597607 -0.10362849 -0.28735971],[ 2.56640942 -0.08841288 -0.74413306],[ 2.56640942 -0.08841288 -1.16954907],[ 2.51942358  0.11773302 -0.29612939],[ 2.55651709  0.11519964 -0.75442468],[ 2.55651709  0.11519964 -1.17984058]
645,17,2132,"1,64986451531823E+018",knife,[ 0. -0.  0.],[2.36217896 0.03240978 0.48928107],[2.37436328 0.01008673 0.37402911],[2.44115601 0.01426033 0.06029849],[ 2.44708301  0.00898175 -0.14851472],[2.39121021 0.01113943 0.29489777],[ 2.3891355  -0.1466097   0.27762613],[ 2.39848462 -0.18967039  0.012711  ],[ 2.30104736 -0.18486694 -0.21049953],[ 2.26094287 -0.18288988 -0.30237122],[2.39121021 0.01113943 0.29489777],[2.37902832 0.17840671 0.29845038],[2.20862256 0.33020389 0.15688391],[2.1396958  0.18922026 0.34319751],[2.1259104  0.16102353 0.38046024],[ 2.48050391 -0.09848302 -0.21725351],[ 2.47058252 -0.06728813 -0.6177522 ],[ 2.47058252 -0.06728813 -0.99533362],[ 2.46972949  0.116176   -0.22169243],[ 2.43636938  0.09494469 -0.62157629],[ 2.43636938  0.09494469 -0.99915771]
776,17,2357,"1,64986451536748E+018",fork,[ 0. -0.  0.],[2.37972925 0.03889264 0.49647949],[2.38890967 0.03156845 0.37464301],[2.45381348 0.01334958 0.03353229],[ 2.46809839  0.02186811 -0.17775285],[2.404573   0.02717167 0.29232251],[ 2.41008789 -0.15203317  0.28880679],[ 2.33751514 -0.3267384   0.08406812],[ 2.18897461 -0.23543402  0.26918277],[ 2.1592666  -0.21717314  0.30620569],[2.404573   0.02717167 0.29232251],[2.42773193 0.20575427 0.27626587],[2.32558203 0.3292175  0.04816738],[2.20101343 0.2553568  0.25720206],[2.17609961 0.24058466 0.299009  ],[ 2.50864307 -0.08596967 -0.26028259],[ 2.43220801 -0.02994675 -0.66577209],[ 2.43220801 -0.02994675 -1.05735767],[ 2.5046416   0.12706735 -0.26660925],[ 2.53105005  0.11907736 -0.68211066],[ 2.53105005  0.11907736 -1.07369629]
847,17,2567,"1,64986451541205E+018",salt_shaker_left,[ 0. -0.  0.],[2.39768579 0.0435882  0.49253827],[2.40624561 0.0236124  0.36819885],[2.46859277 0.02840315 0.03525687],[ 2.48310352  0.03222834 -0.1816326 ],[2.42217139 0.02483614 0.28315277],[ 2.3871145  -0.14554063  0.27417804],[ 2.20605615 -0.26935611  0.06934145],[ 1.95154797 -0.27308688  0.02034112],[ 1.90064636 -0.27383304  0.01054106],[2.42217139 0.02483614 0.28315277],[2.45109082 0.18167325 0.26415875],[ 2.46527319  0.25078214 -0.02754861],[ 2.38252026  0.28089835 -0.27134033],[ 2.36596973  0.2869216  -0.32009866],[ 2.52750537 -0.08130482 -0.27323907],[ 2.56759253 -0.0829413  -0.70793561],[ 2.56759253 -0.0829413  -1.11174951],[ 2.53129932  0.13813019 -0.283465  ],[ 2.55649072  0.12328697 -0.71902881],[ 2.55649072  0.12328697 -1.12284277]
859,17,2579,"1,64986451541454E+018",salt_shaker_right,[ 0. -0.  0.],[2.38505933 0.03313544 0.48791394],[2.40397656 0.0393936  0.36330051],[2.46517212 0.02883912 0.02791302],[ 2.48976147  0.03445626 -0.19198038],[2.41949829 0.03671655 0.27823254],[ 2.4379436  -0.12774879  0.26981299],[ 2.52478027e+00 -1.97381516e-01  1.63808346e-04],[ 2.48008887 -0.26392419 -0.25596677],[ 2.47115063 -0.27723273 -0.30719287],[2.41949829 0.03671655 0.27823254],[2.39473291 0.20431554 0.26060892],[2.15483179 0.26219754 0.10505493],[1.89090869 0.26559277 0.15364705],[1.83812402 0.26627182 0.16336548],[ 2.53263232 -0.07647073 -0.28053696],[ 2.57498779 -0.09501535 -0.70794922],[ 2.57498779 -0.09501535 -1.11167371],[ 2.53009937  0.14230365 -0.28762924],[ 2.55112451  0.12321938 -0.71659631],[ 2.55112451  0.12321938 -1.1203208 ]
1000,17,2847,"1,64986451547141E+018",sugar_bowl,[ 0. -0.  0.],[2.35018384 0.03390952 0.4843801 ],[2.3705459  0.0221885  0.36334381],[2.41193872 0.0204347  0.01403876],[ 2.44550366  0.02612564 -0.19890985],[2.38049243 0.02176707 0.27940698],[ 2.37345801 -0.15199231  0.284103  ],[ 2.23226636 -0.24689682  0.05651481],[ 2.08387866 -0.05064221  0.12820267],[ 2.05420117 -0.01139128  0.14254024],[2.38049243 0.02176707 0.27940698],[2.38793408 0.1894425  0.2719639 ],[2.21970459 0.27175739 0.05827879],[2.05509741 0.10801396 0.16675189],[2.02217603 0.07526527 0.18844652],[ 2.48545093 -0.08151541 -0.27122696],[ 2.54522266 -0.09734581 -0.69015796],[ 2.54522266 -0.09734581 -1.08460181],[ 2.49002563  0.12696527 -0.27985632],[ 2.32565015  0.10370487 -0.66942792],[ 2.32565015  0.10370487 -1.06387183]
1047,17,3013,"1,64986451550675E+018",mixer,[ 0. -0.  0.],[2.37820386 0.01617437 0.50729355],[2.37993286 0.00275967 0.38786172],[2.40722534 0.00846315 0.04378287],[ 2.42376953  0.02557589 -0.16486977],[2.38661646 0.0041564  0.30359967],[ 2.3775083  -0.17156137  0.30904822],[ 2.15545898 -0.31891113  0.22100577],[ 2.14146265 -0.21874213  0.45904214],[ 2.13580444 -0.178248    0.55527026],[2.38661646 0.0041564  0.30359967],[2.40644678 0.16862108 0.29625232],[2.2041084  0.33245667 0.19143695],[2.10508374 0.30373404 0.42862933],[2.08527881 0.2979895  0.47606781],[ 2.46558643 -0.07336848 -0.25496071],[ 2.4182937  -0.01790857 -0.6679787 ],[ 2.4182937  -0.01790857 -1.06248401],[ 2.47146191  0.1161612  -0.26095767],[ 2.51205933  0.10453849 -0.67822626],[ 2.51205933  0.10453849 -1.07273157]
1110,17,3157,"1,64986451553898E+018",pressure_cooker,[ 0. -0.  0.],[ 2.32893213 -0.21793347  0.31575226],[ 2.33460107 -0.22813675  0.19733031],[ 2.39696582 -0.23266774 -0.12755009],[ 2.41558398 -0.23130174 -0.33391718],[ 2.34999243 -0.22925497  0.11715115],[ 2.33652246 -0.40051379  0.11779066],[ 2.09590869 -0.51492151  0.04623445],[ 1.8599917  -0.52417072  0.11760147],[ 1.81280835 -0.52602057  0.13187488],[ 2.34999243 -0.22925497  0.11715115],[ 2.37307495 -0.06280243  0.11231026],[2.15483032 0.07961182 0.02180148],[1.9350647  0.15174207 0.1074512 ],[1.89111157 0.16616812 0.12458115],[ 2.4501897  -0.33616559 -0.42276733],[ 2.41451172 -0.29889774 -0.83612823],[ 2.41451172 -0.29889774 -1.21715857],[ 2.45972412 -0.13835458 -0.43225989],[ 2.46367285 -0.14150505 -0.84879736],[ 2.46367285 -0.14150505 -1.22982764]
111,19,371,"1,64986457054477E+018",teacup,[ 0. -0.  0.],[ 2.14696216 -0.0292482   0.5889494 ],[ 2.15856519 -0.02908705  0.45598907],[ 2.25143066 -0.05660577  0.1097074 ],[ 2.26125513 -0.06642374 -0.09892854],[ 2.1821958  -0.03608951  0.36787372],[ 2.17874316 -0.21344016  0.36717065],[ 2.23745093 -0.27536664  0.0874274 ],[ 2.21380615 -0.32297513 -0.20000798],[ 2.20463477 -0.34144144 -0.31149789],[ 2.1821958  -0.03608951  0.36787372],[2.19347852 0.14622522 0.35435938],[2.24248511 0.26984006 0.09386848],[ 2.12593457  0.14447781 -0.14308092],[ 2.08072705  0.09585253 -0.23498843],[ 2.31291821 -0.18850513 -0.18842545],[ 2.31291821 -0.18850513 -0.64466931],[ 2.31291821 -0.18850513 -1.07164954],[ 2.30948999  0.04932233 -0.19780986],[ 2.30954785e+00  1.23929691e-03 -6.51513000e-01],[ 2.30954785e+00  1.23929691e-03 -1.07849316e+00]
227,19,540,"1,64986457122584E+018",teapot,[ 0. -0.  0.],[2.18060303 0.00719542 0.60093658],[ 2.16940869 -0.00454379  0.46831641],[ 2.23804932 -0.02886079  0.11636725],[ 2.24183643 -0.03718909 -0.09401816],[ 2.18690186 -0.01074106  0.37862103],[ 2.1965022  -0.20262778  0.39689899],[ 2.14960815 -0.50024374  0.43800586],[ 2.10078857 -0.72323096  0.59598926],[ 2.09102466 -0.76782837  0.62758594],[ 2.18690186 -0.01074106  0.37862103],[2.198677   0.17658806 0.36151572],[2.25054687 0.29246014 0.08520559],[ 2.10154053  0.16941832 -0.11410099],[ 2.04061194  0.11910661 -0.19559729],[ 2.28115723 -0.15867462 -0.16088618],[ 2.22039551 -0.13661058 -0.61070038],[ 2.22039551 -0.13661058 -1.03813745],[ 2.30518018  0.06113479 -0.17904068],[ 2.20958594  0.0377186  -0.62269049],[ 2.20958594  0.0377186  -1.05012756]
321,19,751,"1,64986457193865E+018",spoon,[ 0. -0.  0.],[ 2.1704541  -0.03205968  0.60923792],[ 2.18149072 -0.0305071   0.48224139],[ 2.22589722 -0.04650244  0.14170148],[ 2.22894629 -0.04246151 -0.05740404],[ 2.1927793  -0.03457331  0.39567197],[ 2.18627808 -0.23468752  0.40675583],[ 2.16420947 -0.52226422  0.43836578],[ 2.14812402 -0.35061435  0.63955963],[ 2.14490698 -0.31628436  0.6797984 ],[ 2.1927793  -0.03457331  0.39567197],[2.20816504 0.16321637 0.38647952],[2.1238623  0.44084741 0.38568143],[2.12008691 0.30223428 0.61145471],[2.11933179 0.27451166 0.65660938],[ 2.26141455 -0.15816249 -0.12684797],[ 2.23058765 -0.12774319 -0.55825775],[ 2.23058765 -0.12774319 -0.96610352],[ 2.27744971  0.05985266 -0.13851605],[ 2.25139282  0.04096577 -0.57089825],[ 2.25139282  0.04096577 -0.97874402]
657,19,1094,"1,64986457300944E+018",ladle,[ 0. -0.  0.],[ 2.1978999  -0.02773509  0.58410156],[ 2.19455908 -0.03794789  0.46672513],[ 2.23815063 -0.04722569  0.14774045],[ 2.26065601 -0.04942313 -0.04661046],[ 2.20549536 -0.04027549  0.38669867],[ 2.20043311 -0.20979202  0.382711  ],[ 2.12872485 -0.307401    0.1433494 ],[ 1.93569751 -0.15945021  0.11837659],[ 1.89709204 -0.12986005  0.11338203],[ 2.20549536 -0.04027549  0.38669867],[2.20945337 0.12502094 0.36751526],[2.12692139 0.20808009 0.12615814],[1.90918359 0.09799989 0.11049701],[1.86563599 0.07598384 0.10736478],[ 2.28724731 -0.15119144 -0.17867053],[ 2.28724731 -0.15119144 -0.57953967],[ 2.28724731 -0.15119144 -0.95661755],[ 2.30089453  0.0403731  -0.18809915],[ 2.2689082   0.02431567 -0.58736731],[ 2.2689082   0.02431567 -0.96444519]
670,19,1107,"1,6498645730406E+018",initial,[ 0. -0.  0.],[ 2.17465283 -0.02784546  0.58293311],[ 2.19446191 -0.03791095  0.46717889],[ 2.2734165  -0.04785825  0.15680484],[ 2.26668457 -0.05000529 -0.04605463],[ 2.21437329 -0.04041953  0.38890671],[ 2.19824097 -0.20422939  0.37974548],[ 2.21957031 -0.25702036  0.12832713],[ 2.20780884 -0.30375397 -0.11833875],[ 2.20545654 -0.31310068 -0.16767192],[ 2.21437329 -0.04041953  0.38890671],[2.21194238 0.12172325 0.36954657],[2.23268579 0.18432579 0.12034052],[ 2.13905078  0.1573188  -0.11132636],[ 2.12032373  0.1519174  -0.15765973],[ 2.29635767 -0.15201454 -0.14021269],[ 2.29635767 -0.15201454 -0.54194525],[ 2.29635767 -0.15201454 -0.91902417],[ 2.2866582   0.05229532 -0.14251767],[ 2.3658877   0.01773037 -0.53484015],[ 2.3658877   0.01773037 -0.91191907]
680,19,1159,"1,64986457322146E+018",shallow_plate,[ 0. -0.  0.],[ 2.20022046 -0.02827576  0.57359619],[ 2.17974023 -0.04020966  0.46483478],[ 2.24551562 -0.04748375  0.14037442],[ 2.25188867 -0.04743497 -0.05923647],[ 2.19556812 -0.04196006  0.38675818],[ 2.18087402 -0.21045056  0.37665356],[ 2.04003931 -0.42953943  0.34014481],[ 1.91359583 -0.21515512  0.35388583],[ 1.88830713 -0.17227826  0.35663403],[ 2.19556812 -0.04196006  0.38675818],[2.19727368 0.12271252 0.36529529],[2.03186682 0.3054754  0.27361346],[1.89094946 0.11605092 0.35360117],[1.86276599 0.07816602 0.36959869],[ 2.27220215 -0.14691055 -0.16578366],[ 2.27220215 -0.14691055 -0.56202032],[ 2.27220215 -0.14691055 -0.93387268],[ 2.28491821  0.04174469 -0.17407803],[ 2.3275127   0.03164775 -0.56788922],[ 2.3275127   0.03164775 -0.93974158]
771,19,2896,"1,64986457906942E+018",dinner_plate,[ 0. -0.  0.],[ 2.24936426 -0.01144984  0.28069354],[ 2.21189746 -0.01275672  0.15728026],[ 2.22403857 -0.01364687 -0.19507204],[ 2.21173633 -0.01478403 -0.40849744],[ 2.21494238 -0.01297997  0.06890958],[ 2.2178645  -0.18855656  0.07269916],[ 2.1103186  -0.35509451 -0.14380597],[ 1.97768494 -0.2294111   0.05198089],[ 1.9511582  -0.20427441  0.09113826],[ 2.21494238 -0.01297997  0.06890958],[2.22976978 0.16003552 0.06829391],[ 2.08263452  0.28134271 -0.15489046],[1.93313379 0.21195984 0.05619265],[1.90323364 0.19808327 0.09840927],[ 2.2385708  -0.13419415 -0.44709705],[ 2.12059424 -0.11011692 -0.86891858],[ 2.12059424 -0.11011692 -1.2815542 ],[ 2.25233276  0.09238808 -0.4631116 ],[ 2.14844189  0.04483781 -0.88664117],[ 2.14844189  0.04483781 -1.29927673]
802,19,1204,"1,64986457337946E+018",salt_shaker_left,[ 0. -0.  0.],[ 2.1719248  -0.03015523  0.58815222],[ 2.17723755 -0.04123444  0.46070364],[ 2.25947754 -0.05129114  0.1236348 ],[ 2.27355664 -0.04887197 -0.09568877],[ 2.19803491 -0.04377764  0.37546359],[ 2.18421973 -0.21564691  0.37392801],[ 2.05660767 -0.30222635  0.11661594],[ 1.80304944 -0.28773727  0.03641798],[ 1.75233777 -0.28483945  0.02037838],[ 2.19803491 -0.04377764  0.37546359],[2.22053345 0.12407085 0.36690549],[2.38325757 0.17539818 0.12017337],[ 2.46557031  0.23243779 -0.12661507],[ 2.48203296  0.24384572 -0.17597275],[ 2.31494312 -0.15984599 -0.20698793],[ 2.31494312 -0.15984599 -0.64245312],[ 2.31494312 -0.15984599 -1.05207385],[ 2.335573    0.0308279  -0.22538367],[ 2.38951782  0.02852114 -0.65748853],[ 2.38951782  0.02852114 -1.06710925]
818,19,1220,"1,64986457342072E+018",salt_shaker_right,[ 0. -0.  0.],[ 2.16412085 -0.02520454  0.58471814],[ 2.17501221 -0.0250571   0.4570979 ],[ 2.22749683 -0.03656205  0.11544083],[ 2.24001416 -0.03650011 -0.09022948],[ 2.1883374  -0.02797805  0.37035602],[ 2.22518237 -0.19551578  0.37581299],[ 2.41897119 -0.26213177  0.17388454],[ 2.56650781 -0.35107648 -0.04070101],[ 2.62554175 -0.38666599 -0.1265633 ],[ 2.1883374  -0.02797805  0.37035602],[2.16385571 0.13784039 0.34976486],[2.02304761 0.16781998 0.10068399],[1.76000513 0.14921033 0.02202274],[1.70739661 0.1454884  0.00629049],[ 2.29410718 -0.14830919 -0.18244081],[ 2.26046265 -0.14067032 -0.61893842],[ 2.26046265 -0.14067032 -1.02870215],[ 2.29625464  0.06256975 -0.19637155],[ 2.21391602  0.05748434 -0.62638904],[ 2.21391602  0.05748434 -1.03615283]
962,19,1524,"1,6498645746275E+018",sugar_bowl,[ 0. -0.  0.],[ 2.19641772 -0.03050998  0.57868854],[ 2.18661328 -0.03620037  0.45267331],[ 2.22395532 -0.04559102  0.10682034],[ 2.25172998 -0.04719994 -0.10896295],[ 2.1959209  -0.03854104  0.36646747],[ 2.19401685 -0.20545541  0.36475351],[ 2.14132764 -0.27466638  0.09024117],[ 1.90005029 -0.14997757  0.08303127],[ 1.8517948  -0.12503981  0.08158929],[ 2.1959209  -0.03854104  0.36646747],[2.20543506 0.12375695 0.35024591],[2.14012964 0.17948444 0.07537685],[1.90447815 0.04540195 0.05793319],[1.8573479  0.01858545 0.05444446],[ 2.29284253 -0.17087158 -0.20577179],[ 2.36969263 -0.15104646 -0.6293241 ],[ 2.36969263 -0.15104646 -1.0340968 ],[ 2.31278857  0.05493196 -0.23045947],[ 2.28224268  0.03583419 -0.659875  ],[ 2.28224268  0.03583419 -1.06464771]
1053,19,1615,"1,64986457491878E+018",mixer,[ 0. -0.  0.],[ 2.19521167 -0.04963684  0.59576404],[ 2.1920708  -0.03624337  0.47544995],[ 2.25306079 -0.07335089  0.14025903],[ 2.25958545 -0.05203096 -0.0613228 ],[ 2.20715942 -0.04542356  0.39252563],[ 2.22692017 -0.23259946  0.41103293],[ 2.16935181 -0.43436411  0.22367682],[ 2.06672144 -0.29463644  0.41918579],[ 2.04619531 -0.26669092  0.4582876 ],[ 2.20715942 -0.04542356  0.39252563],[2.20792969 0.1436622  0.36913797],[2.02750781 0.33027063 0.26073758],[1.93678833 0.31000284 0.5049501 ],[1.91864441 0.30594928 0.5537926 ],[ 2.29085938 -0.16166145 -0.12905177],[ 2.29085938 -0.16166145 -0.54966846],[ 2.29085938 -0.16166145 -0.9453219 ],[ 2.29788013  0.03968729 -0.14473651],[ 2.29788013  0.03968729 -0.56535321],[ 2.29788013  0.03968729 -0.96100671]
1084,19,1772,"1,64986457550563E+018",pressure_cooker,[ 0. -0.  0.],[ 2.05663452 -0.1388969   0.29963751],[ 2.15498853 -0.19053162  0.24811937],[ 2.26583496 -0.19731462 -0.06065315],[ 2.30861548 -0.19969025 -0.26321399],[ 2.1833457  -0.19226686  0.16912823],[ 2.18779199 -0.35149896  0.1285094 ],[ 2.01420776 -0.56125745  0.07323077],[ 1.94713843 -0.33121539  0.14377655],[ 1.93372461 -0.28520697  0.15788571],[ 2.1833457  -0.19226686  0.16912823],[ 2.19987476 -0.03133157  0.13007841],[2.04191296 0.16925487 0.02053849],[1.91950623 0.01358754 0.17278369],[ 1.8950249  -0.01754593  0.20323273],[ 2.36134912 -0.3075972  -0.36702774],[ 2.23909912 -0.28084412 -0.76774243],[ 2.23909912 -0.28084412 -1.15947827],[ 2.37052759 -0.11715076 -0.39240485],[ 2.29050781 -0.1287382  -0.80434607],[ 2.29050781 -0.1287382  -1.19608191]
73,12,1160,"1,64986444708299E+018",teacup,[ 0. -0.  0.],[ 1.92074036 -0.05308878  0.54301678],[ 1.95268994 -0.05299089  0.43168115],[ 2.04964526 -0.05995765  0.09385605],[ 2.03642505 -0.05859508 -0.10580045],[ 1.97619556 -0.05467989  0.3497796 ],[ 1.95219409 -0.23433745  0.33212299],[ 1.98288721 -0.28719299  0.03924578],[ 1.90359058 -0.27759558 -0.21958313],[ 1.8877312  -0.27567609 -0.27134891],[ 1.97619556 -0.05467989  0.3497796 ],[1.99545886 0.12998607 0.34514267],[2.01710205 0.28419052 0.08967179],[ 1.89686621  0.20172296 -0.13861516],[ 1.87281909  0.18522945 -0.18427255],[ 2.05284473 -0.17668979 -0.17209346],[ 1.99853137 -0.18672131 -0.58986945],[ 1.99853137 -0.18672131 -0.98757751],[ 2.05481177  0.05706744 -0.17731963],[ 2.02319531  0.08201691 -0.5968017 ],[ 2.23647656  0.05966331 -0.93173926]
226,12,1394,"1,64986444713163E+018",teapot,[ 0. -0.  0.],[ 1.90273157 -0.01363267  0.5683114 ],[ 1.9239021  -0.0250631   0.44090994],[ 2.01135376 -0.04609     0.07379733],[ 2.00714685 -0.05028011 -0.12510294],[ 1.94446729 -0.03000779  0.35457956],[ 1.95762158 -0.21963364  0.37015424],[ 2.02927563 -0.50041528  0.44906424],[ 1.97811292 -0.70277997  0.62176672],[ 1.96788037 -0.74325293  0.65630725],[ 1.94446729 -0.03000779  0.35457956],[1.960771   0.15296486 0.3362782 ],[2.0455249  0.25623007 0.06729399],[ 1.88731909  0.22544751 -0.15046407],[ 1.85567798  0.219291   -0.19401569],[ 2.03619397 -0.17241791 -0.19611151],[ 1.991047   -0.18646945 -0.63452283],[ 1.991047   -0.18646945 -1.0493064 ],[ 2.037474    0.06508626 -0.20784007],[ 2.01602832  0.07820107 -0.64807678],[ 2.28763525  0.05265265 -0.96052289]
330,12,1583,"1,6498644471703E+018",spoon,[ 0. -0.  0.],[ 1.90997742 -0.03623586  0.57448999],[ 1.93610364 -0.03889761  0.44754852],[ 2.00149597 -0.0529095   0.0772403 ],[ 2.0004353  -0.05323221 -0.11877896],[ 1.95154968 -0.04220729  0.3600798 ],[ 1.95096692 -0.24000151  0.36066055],[ 1.96551489 -0.53467065  0.36643988],[ 1.94413831 -0.39789957  0.59753613],[ 1.93986304 -0.37054535  0.64375537],[ 1.95154968 -0.04220729  0.3600798 ],[1.97471167 0.15235455 0.34682492],[1.93295093 0.44065811 0.29979169],[1.92603235 0.32252991 0.54179706],[1.92464868 0.29890427 0.59019812],[ 2.03008704 -0.17455066 -0.19849686],[ 1.9904043  -0.18127008 -0.63761005],[ 1.9904043  -0.18127008 -1.05239368],[ 2.03645996  0.06431667 -0.20199789],[ 2.01633704  0.08514536 -0.64199957],[ 2.27794043  0.10867162 -0.96302228]
631,12,1936,"1,64986444724477E+018",ladle,[ 0. -0.  0.],[ 1.91998425 -0.037396    0.53584717],[ 1.93521411 -0.0391137   0.41796436],[ 2.01087427 -0.05076506  0.04571115],[ 2.00813062 -0.05162251 -0.17183087],[ 1.95310132 -0.04186826  0.32995792],[ 1.94792078 -0.21821237  0.32344327],[ 2.01333289 -0.29528375  0.06644125],[ 1.80046948 -0.19647485 -0.08917135],[ 1.75789685 -0.17671307 -0.12029387],[ 1.95310132 -0.04186826  0.32995792],[1.96915015 0.13298785 0.31597696],[1.99004749 0.19652306 0.04803043],[ 1.80532776  0.07449517 -0.12597284],[ 1.76838379  0.05008959 -0.1607735 ],[ 2.04184412 -0.17307732 -0.22279425],[ 1.98301233 -0.18462799 -0.66448163],[ 1.98301233 -0.18462799 -1.08376538],[ 2.0412323   0.06714581 -0.22848404],[ 2.00563965  0.08155019 -0.67256506],[ 2.32970532  0.09446774 -0.93829712]
747,12,2101,"1,64986444727989E+018",shallow_plate,[ 0. -0.  0.],[ 1.94316174 -0.03742651  0.54688446],[ 1.95564844 -0.04247068  0.41650546],[ 2.01549585 -0.04427932  0.04526364],[ 2.0138772  -0.04399444 -0.17229558],[ 1.96994934 -0.04290287  0.3277948 ],[ 1.96094653 -0.23114203  0.33004733],[ 1.91600647 -0.47039709  0.16256882],[ 1.76425708 -0.3597951   0.36397452],[ 1.73390723 -0.33767471  0.40425565],[ 1.96994934 -0.04290287  0.3277948 ],[1.97952222 0.14330945 0.32697479],[1.89703064 0.32450287 0.10862706],[1.75298804 0.28455865 0.33988693],[1.72417957 0.27656982 0.38613892],[ 2.03850806 -0.1657177  -0.21692166],[ 1.97856128 -0.18451418 -0.658255  ],[ 1.97856128 -0.18451418 -1.07758069],[ 2.04287512  0.07343266 -0.22347728],[ 2.01186597  0.08036501 -0.66812592],[ 2.30933179  0.04643967 -0.96171948]
814,12,2422,"1,64986444734605E+018",dinner_plate,[ 0. -0.  0.],[ 1.97747339 -0.03554193  0.55226001],[ 1.95345874 -0.04359227  0.4236637 ],[ 2.013302   -0.04925906  0.04577988],[ 2.01594653 -0.04899624 -0.17178781],[ 1.96751221 -0.04492305  0.33492242],[ 1.96247339 -0.22333299  0.33701004],[ 1.79516748 -0.35805347  0.13128333],[ 1.64281531 -0.15882521  0.23649768],[ 1.61234485 -0.11897955  0.25754056],[ 1.96751221 -0.04492305  0.33492242],[1.97194641 0.13079578 0.32804013],[1.7732876  0.24922035 0.14102495],[1.62845483 0.0476573  0.25224069],[1.59948828 0.00734469 0.27448383],[ 2.04472327 -0.16745265 -0.21839668],[ 1.99198804 -0.18555141 -0.66067883],[ 1.99198804 -0.18555141 -1.08000452],[ 2.0505415   0.06734442 -0.21974078],[ 2.02129382  0.08293125 -0.66428961],[ 2.32084131  0.05478127 -0.95637317]
876,12,2601,"1,6498644473826E+018",knife,[ 0. -0.  0.],[ 1.96760425 -0.0488306   0.53365808],[ 1.96959326 -0.05392017  0.41563544],[ 2.04114465 -0.06473864  0.066155  ],[ 2.03185278 -0.0707742  -0.15114661],[ 1.98760815 -0.05664399  0.32764493],[ 1.98509705 -0.22210194  0.3275777 ],[ 2.01453943 -0.28011829  0.03231786],[ 1.91718701 -0.29663129 -0.23937819],[ 1.89771655 -0.2999339  -0.29371741],[ 1.98760815 -0.05664399  0.32764493],[1.98317676 0.112463   0.32391971],[1.76175513 0.20971227 0.14246414],[1.54343018 0.12308826 0.31098547],[1.49976514 0.10576347 0.34468973],[ 2.05899731 -0.18906621 -0.1915706 ],[ 1.99546753 -0.18079059 -0.63272534],[ 1.99546753 -0.18079059 -1.05205115],[ 2.05691382  0.05041748 -0.18698416],[ 2.01660327  0.08556423 -0.62954687],[ 2.28250952  0.07787274 -0.95368994]
971,12,2696,"1,64986444740209E+018",initial,[ 0. -0.  0.],[ 1.94087073 -0.04183387  0.54623926],[ 1.95757568 -0.05007952  0.41718951],[ 2.04578809 -0.05908345  0.06600906],[ 2.03400159 -0.05185863 -0.15113521],[ 1.97945984 -0.05231327  0.33006674],[ 1.97045337 -0.22480679  0.32331186],[ 2.01389429 -0.27623135  0.03832422],[ 1.91728552 -0.3030192  -0.23493336],[ 1.89796375 -0.30837677 -0.28958487],[ 1.97945984 -0.05231327  0.33006674],[1.97639075 0.1196739  0.31551245],[1.9800603  0.18778641 0.03073746],[ 1.88579773  0.1941076  -0.2445717 ],[ 1.86694519  0.19537184 -0.29963354],[ 2.05790259 -0.17498273 -0.20191235],[ 1.99047217 -0.18756152 -0.64238574],[ 1.99047217 -0.18756152 -1.06171155],[ 2.05523975  0.0666096  -0.21329486],[ 2.0155293   0.07761643 -0.65716864],[ 2.31517212  0.0719025  -0.95045306]
997,12,2860,"1,64986444743571E+018",fork,[ 0. -0.  0.],[ 1.96092065 -0.04063026  0.54203082],[ 1.9757478  -0.04439214  0.42007309],[ 2.01854138 -0.05240427  0.05257785],[ 2.01945886 -0.05230822 -0.16500412],[ 1.98613867 -0.0463376   0.33084009],[ 1.98698328 -0.23050266  0.33894214],[ 1.77909424 -0.38725806  0.19428273],[ 1.68591602 -0.28679083  0.43113449],[ 1.6672804  -0.26669739  0.47850485],[ 1.98613867 -0.0463376   0.33084009],[1.98733594 0.13790054 0.3307384 ],[1.75479614 0.27975803 0.21024709],[1.68542126 0.18123477 0.45591943],[1.67154626 0.16153012 0.50505389],[ 2.0532373  -0.16929669 -0.20972498],[ 1.99023938 -0.18493355 -0.65075647],[ 1.99023938 -0.18493355 -1.07008228],[ 2.05453369  0.06472382 -0.20880402],[ 2.01875403  0.08333788 -0.65275824],[ 2.29560645  0.0267448  -0.96257086]
1069,12,3151,"1,64986444749663E+018",salt_shaker_right,[ 0. -0.  0.],[ 1.97140674 -0.03783669  0.55210626],[ 1.98444763 -0.04509344  0.42188556],[ 2.06944629 -0.05948786  0.05564407],[ 2.05675293 -0.06084503 -0.15767287],[ 2.00474719 -0.04853115  0.33441901],[ 2.02476636 -0.21972763  0.33178052],[ 2.14803638 -0.28581848  0.06694315],[ 2.17724316 -0.35814255 -0.1964343 ],[ 2.18308447 -0.37260736 -0.24910979],[ 2.00474719 -0.04853115  0.33441901],[1.98428625 0.12631932 0.31767783],[1.86167529 0.17942186 0.04963108],[1.58756873 0.17883205 0.03183562],[1.53274744 0.17871408 0.02827653],[ 2.09450293 -0.17911066 -0.21113263],[ 1.99984912 -0.17312343 -0.64591516],[ 1.99984912 -0.17312343 -1.06524097],[ 2.06891504  0.06288959 -0.21065813],[ 1.99890442  0.07798796 -0.64986377],[ 2.29169556  0.0488733  -0.94862744]
1101,12,3183,"1,64986444750361E+018",salt_shaker_left,[ 0. -0.  0.],[ 1.95402832 -0.04395011  0.55225964],[ 1.97638281 -0.04383439  0.42310693],[ 2.06528076 -0.04846944  0.06072031],[ 2.05789575 -0.05465643 -0.13811737],[ 1.99778943 -0.04495051  0.33584415],[ 1.98171521 -0.21878163  0.32590695],[ 1.92128394 -0.3050816   0.04512382],[ 1.64519983 -0.30707141 -0.01450592],[ 1.58998303 -0.30746936 -0.02643187],[ 1.99778943 -0.04495051  0.33584415],[2.00490234 0.12480338 0.31903607],[2.14270874 0.17288774 0.05705125],[ 2.19002271  0.2351205  -0.21437212],[ 2.1994856   0.24756705 -0.2686568 ],[ 2.07516699 -0.17748663 -0.21164348],[ 2.00474072 -0.1902916  -0.65127655],[ 2.00474072 -0.1902916  -1.07060229],[ 2.0989436   0.06066801 -0.21225064],[ 2.01207458  0.07411086 -0.64891321],[ 2.26550952  0.05254926 -0.98228979]
1236,12,3421,"1,64986444755273E+018",sugar_bowl,[ 0. -0.  0.],[ 1.93940344 -0.04243159  0.55590759],[ 1.95907886 -0.04255328  0.4263197 ],[ 1.99751001 -0.05051091  0.06670648],[ 2.00378113 -0.05083208 -0.1507868 ],[ 1.968625   -0.04452993  0.33699304],[ 1.96417444 -0.22412366  0.33487857],[ 1.85572534 -0.30077066  0.06775212],[ 1.61893079 -0.15675699  0.08283139],[ 1.5715719  -0.12795425  0.08584724],[ 1.968625   -0.04452993  0.33699304],[1.97639685 0.1342803  0.32739941],[1.88744727 0.20827872 0.05243623],[1.64343408 0.07600472 0.05209923],[1.59463147 0.04954993 0.05203183],[ 2.03485156 -0.17345251 -0.2179604 ],[ 1.9840708  -0.18314738 -0.66073499],[ 1.9840708  -0.18314738 -1.08006079],[ 2.03812231  0.06972109 -0.2210267 ],[ 2.00520679  0.0810425  -0.66544818],[ 2.3235647   0.01640857 -0.93059888]
1353,12,3636,"1,64986444759704E+018",mixer,[ 0. -0.  0.],[ 1.92679968 -0.04192077  0.55403809],[ 1.94767187 -0.04524245  0.42636414],[ 2.01375952 -0.05278952  0.05790649],[ 2.00764087 -0.05332311 -0.15957886],[ 1.96353247 -0.0470537   0.33793652],[ 1.96187256 -0.23339223  0.34599146],[ 1.8261814  -0.49749872  0.31680695],[ 1.78514709 -0.46088226  0.57977069],[ 1.77694019 -0.45355896  0.63236346],[ 1.96353247 -0.0470537   0.33793652],[1.96608582 0.13904802 0.33827484],[1.79511255 0.38132565 0.30532458],[1.71643726 0.39389587 0.56189178],[1.70070215 0.39640991 0.6132052 ],[ 2.03716553 -0.17574091 -0.20516188],[ 1.98897168 -0.18523735 -0.64822833],[ 1.98897168 -0.18523735 -1.0675542 ],[ 2.04204382  0.06689046 -0.20731848],[ 2.01413916  0.07973489 -0.65203973],[ 2.29305591 -0.00396708 -0.95375732]
1492,12,3898,"1,64986444765228E+018",pressure_cooker,[ 0. -0.  0.],[ 1.92056494 -0.14329227  0.60025928],[ 1.8787854  -0.15815576  0.47691547],[ 1.98659253 -0.16706337  0.13477563],[ 2.01328674 -0.1708304  -0.08113171],[ 1.90578186 -0.16038635  0.39123874],[ 1.88742224 -0.32205243  0.34238632],[ 1.75402563 -0.44200558  0.10372543],[ 1.64461633 -0.251254    0.26867435],[ 1.6227345  -0.21310368  0.30166412],[ 1.90578186 -0.16038635  0.39123874],[1.94316772e+00 5.74737549e-04 3.51638397e-01],[1.76910071 0.09434546 0.12791946],[ 1.61917578 -0.08652825  0.27064957],[ 1.5891908  -0.122703    0.29919559],[ 2.04912695 -0.29025732 -0.18730028],[ 1.98175635 -0.30999023 -0.62752051],[ 1.98175635 -0.30999023 -1.05221606],[ 2.05589551 -0.05586679 -0.18761281],[ 2.02734546 -0.04063976 -0.63221936],[ 2.29727271 -0.05677784 -0.95970258]
70,2,1010,"1,64986431211377E+018",teacup,[ 0. -0.  0.],[2.23157495 0.04516439 0.60734052],[2.23617822 0.05961255 0.47749365],[2.33488013 0.04713917 0.12243781],[ 2.33850073  0.04097151 -0.09445763],[2.26016821 0.05658085 0.39119598],[ 2.27143091 -0.12624278  0.38411771],[ 2.35693823 -0.19526849  0.09663279],[ 2.29739624 -0.24060497 -0.17463649],[ 2.28548779 -0.24967226 -0.22889035],[2.26016821 0.05658085 0.39119598],[2.26721606 0.24416223 0.38011758],[2.35730835 0.37194409 0.115016  ],[ 2.23799683  0.30885001 -0.1319082 ],[ 2.21413452  0.2962312  -0.18129305],[ 2.37681958 -0.06867912 -0.13445567],[ 2.37509351 -0.09749191 -0.57813123],[ 2.59178198 -0.083811   -0.94839075],[ 2.35843481  0.1546774  -0.13698416],[ 2.33226465  0.16521448 -0.58070166],[ 2.51626538  0.17114024 -0.96844116]
187,2,1261,"1,64986431283727E+018",teapot,[ 0. -0.  0.],[2.2066311  0.08501949 0.62729407],[2.21357764 0.09293518 0.49698965],[2.30170361 0.05804019 0.13771439],[ 2.30526221  0.05200434 -0.06493567],[2.2348335  0.08451858 0.41033319],[ 2.27466284 -0.09573254  0.42758951],[ 2.38090308 -0.34453357  0.55398047],[ 2.36267896 -0.54303796  0.73848627],[ 2.35903418 -0.58273883  0.77538745],[2.2348335  0.08451858 0.41033319],[2.22431519 0.27198315 0.38758295],[2.27038599 0.39609158 0.11992984],[ 2.14733545  0.27812006 -0.09154059],[ 2.12272534  0.25452576 -0.13383467],[ 2.34945752 -0.06198971 -0.13526379],[ 2.38059424 -0.11066447 -0.56646954],[ 2.56188574 -0.05707847 -0.96056458],[ 2.32845776  0.16447711 -0.14790268],[ 2.34272729  0.16173311 -0.58271985],[ 2.49739014  0.16136905 -0.99153284]
336,2,1584,"1,64986431388401E+018",spoon,[ 0. -0.  0.],[2.20629907 0.05453698 0.65009692],[2.22697388 0.04335979 0.52149768],[2.30208154 0.03387616 0.15112982],[ 2.30641357  0.03456602 -0.04928857],[2.24478027 0.04111143 0.4336918 ],[ 2.25168237 -0.1484046   0.42213977],[ 2.3769314  -0.41827338  0.41900006],[ 2.32388721 -0.22635968  0.61478711],[ 2.3027915  -0.1500352   0.69265204],[2.24478027 0.04111143 0.4336918 ],[2.26176782 0.23088675 0.41719476],[2.2468291  0.50873969 0.31183389],[2.19645337 0.32743845 0.51815717],[2.17641895 0.25533458 0.60021234],[ 2.35352075 -0.07887657 -0.12442467],[ 2.3934292  -0.09631892 -0.55641071],[ 2.58208765 -0.08975454 -0.93195563],[ 2.34194385  0.15184035 -0.12500114],[ 2.35954175  0.16035927 -0.55873676],[ 2.53056299  0.16005603 -0.9426908 ]
395,2,1767,"1,64986431459821E+018",ladle,[ 0. -0.  0.],[2.24594409 0.03871006 0.61005762],[2.24928467 0.03723508 0.4782168 ],[2.30312988 0.03541667 0.12186087],[ 2.31423291  0.03717852 -0.09679254],[2.26279321 0.03677888 0.38881473],[ 2.26449292 -0.1465181   0.38049942],[ 2.22363599 -0.25344981  0.10300449],[ 2.00116553 -0.09531714  0.07881413],[ 1.95667139 -0.06369061  0.07397605],[2.26279321 0.03677888 0.38881473],[2.26544214 0.22138846 0.3814093 ],[2.2053645  0.30526797 0.09951918],[1.98235754 0.1461525  0.09365704],[1.9377561 0.1143294 0.0924846],[ 2.35858789 -0.07934613 -0.16450969],[ 2.38605273 -0.09905648 -0.61179968],[ 2.59378149 -0.11602697 -0.99341223],[ 2.34918188  0.15713626 -0.16449481],[ 2.34863403  0.15868544 -0.61305743],[ 2.51156396  0.15922787 -1.01619641]
510,2,1982,"1,64986431522329E+018",shallow_plate,[ 0. -0.  0.],[2.22935669 0.03674862 0.60972986],[2.2339502  0.04087727 0.47764194],[2.29903271 0.03930243 0.1192428 ],[ 2.30140796  0.0414842  -0.10024121],[2.25014673 0.04048535 0.38844974],[ 2.25426392 -0.1485303   0.40183524],[ 2.30273218 -0.36573431  0.1984538 ],[ 2.13672559 -0.27315457  0.40033636],[ 2.10352417 -0.25463863  0.44071289],[2.25014673 0.04048535 0.38844974],[2.26869165 0.21973331 0.38363089],[2.23775903 0.39798621 0.14246738],[2.06713599 0.32893686 0.34984573],[2.03301135 0.31512698 0.39132141],[ 2.34383667 -0.07596986 -0.14839459],[ 2.36892285 -0.10153674 -0.59669092],[ 2.57650562 -0.11508291 -0.98812976],[ 2.33580347  0.16202939 -0.14689462],[ 2.32865674  0.16177489 -0.59656274],[ 2.51901855  0.16937433 -0.99681653]
569,2,2270,"1,64986431613037E+018",dinner_plate,[ 0. -0.  0.],[2.27860352 0.04125101 0.60712518],[2.26753711 0.03829456 0.47458969],[2.30509058 0.03238065 0.10556934],[ 2.31060132  0.03599923 -0.11516399],[2.27676904 0.03684071 0.38387152],[ 2.27796729 -0.12560416  0.35485483],[ 2.01186304 -0.26748276  0.32806174],[ 1.78531348 -0.11504957  0.33722504],[ 1.74000354 -0.08456293  0.33905771],[2.27676904 0.03684071 0.38387152],[2.26271558 0.19547867 0.34583441],[1.96869592 0.25438762 0.30410846],[1.73972913 0.12317467 0.37483289],[1.69393579 0.09693208 0.38897778],[ 2.35885229 -0.0814968  -0.15179691],[ 2.38649487 -0.09860497 -0.60306415],[ 2.56341211 -0.12408005 -1.00280225],[ 2.34591187  0.15746973 -0.15218268],[ 2.35556738  0.15807959 -0.60451593],[ 2.51346265  0.18647845 -1.01194922]
605,2,2306,"1,649864316238E+018",dinner_plate,[ 0. -0.  0.],[2.2686355  0.03714746 0.60301685],[2.22035303 0.0382899  0.47906427],[2.29474658 0.03464935 0.12208743],[ 2.30541553  0.03721028 -0.09847156],[2.23895801 0.03737944 0.38978851],[ 2.25933984 -0.14199496  0.37420251],[ 2.05116406 -0.35251581  0.31085602],[ 1.99491125 -0.087535    0.36579517],[ 1.98366064 -0.03453884  0.37678299],[2.23895801 0.03737944 0.38978851],[2.24661206 0.20909259 0.3559566 ],[2.04518994 0.4012951  0.23697707],[1.96093213 0.16567699 0.35437479],[1.94408057 0.11855336 0.37785434],[ 2.35049609 -0.0804424  -0.15152222],[ 2.38097559 -0.09789803 -0.60259338],[ 2.56638428 -0.11452952 -0.98110181],[ 2.34200049  0.15852283 -0.14982306],[ 2.34603809  0.16030063 -0.60223816],[ 2.54996118  0.16064011 -0.97147644]
628,2,2458,"1,64986431671736E+018",knife,[ 0. -0.  0.],[2.23740723 0.07421706 0.59898102],[2.24203345 0.0414238  0.47387762],[2.32632593 0.03365982 0.13293134],[ 2.31330176  0.01574098 -0.07642792],[2.26373413 0.03942501 0.38610294],[ 2.27507056 -0.13200308  0.39631848],[ 2.34970288 -0.20318378  0.10472984],[ 2.27915063 -0.23664366 -0.16253993],[ 2.26504028 -0.24333563 -0.2159939 ],[2.26373413 0.03942501 0.38610294],[2.25393188 0.221539   0.40604926],[1.9773645  0.3160152  0.30483026],[1.95786438 0.1835938  0.54899127],[1.95396436 0.15710951 0.59782349],[ 2.36321021 -0.09596938 -0.09062927],[ 2.3801145  -0.09461095 -0.53559204],[ 2.5928479  -0.0560461  -0.91233856],[ 2.34421582  0.13644975 -0.09963144],[ 2.3538855   0.15744489 -0.54431689],[ 2.50423975  0.20696674 -0.94881879]
681,2,2511,"1,64986431690489E+018",initial,[ 0. -0.  0.],[2.22577539 0.03378435 0.60555475],[2.23031836 0.03931782 0.4738266 ],[2.31181128 0.03411615 0.12268762],[ 2.30764136  0.04045726 -0.09584729],[2.25076221 0.0380129  0.38573779],[ 2.25122461 -0.13267242  0.37897549],[ 2.30905591 -0.19896864  0.10130403],[ 2.24324341 -0.23312761 -0.17515681],[ 2.23008081 -0.2399594  -0.23044899],[2.25076221 0.0380129  0.38573779],[2.26466211 0.20920273 0.37909509],[2.27643677 0.27428568 0.09542869],[ 2.21833398  0.26537903 -0.18470258],[ 2.20671338  0.26359769 -0.24072882],[ 2.3586748  -0.07710118 -0.13792336],[ 2.37662573 -0.10147196 -0.58557239],[ 2.60916602 -0.05302555 -0.94569916],[ 2.34808374  0.16129616 -0.13927333],[ 2.32711646  0.15820592 -0.58744373],[ 2.56397852  0.17604599 -0.9475708 ]
758,2,2725,"1,64986431759724E+018",fork,[ 0. -0.  0.],[2.24026025 0.04392437 0.59941003],[2.24082007 0.035012   0.46779007],[2.30334692 0.0334604  0.10405917],[ 2.30255151  0.03726837 -0.11490041],[2.25614209 0.03463178 0.37865881],[ 2.2547439  -0.15143588  0.38594122],[ 2.19829175 -0.42969379  0.28962946],[ 2.14868945 -0.23369604  0.47641483],[ 2.13876904 -0.19449649  0.51377191],[2.25614209 0.03463178 0.37865881],[2.27406592 0.21797189 0.38366925],[2.13070996 0.43989761 0.24193607],[2.08068921 0.31668835 0.48293756],[2.07068506 0.29204651 0.53113788],[ 2.357677   -0.08023486 -0.15627554],[ 2.37887476 -0.09650542 -0.60415076],[ 2.58898462 -0.07014459 -0.98605286],[ 2.34433179  0.15991031 -0.15563432],[ 2.34698145  0.15925345 -0.60429767],[ 2.54378027  0.18429085 -0.99331384]
847,2,2989,"1,64986431837854E+018",salt_shaker_left,[ 0. -0.  0.],[2.21445459 0.03717054 0.59340344],[2.22394043 0.04141168 0.46189221],[2.32657104 0.0354784  0.10176746],[ 2.32800195  0.042072   -0.10044809],[2.24872412 0.03997889 0.3749277 ],[ 2.22237109 -0.13807042  0.37433069],[ 2.16702954 -0.2610975   0.09989064],[ 1.89188538 -0.25131662  0.11890611],[ 1.83685657 -0.24936044  0.12270921],[2.24872412 0.03997889 0.3749277 ],[2.2948938  0.20594637 0.37370346],[2.4284165  0.27097876 0.10638677],[ 2.44810498  0.33705823 -0.16083496],[ 2.45204272  0.35027411 -0.21427931],[ 2.37437378 -0.07675211 -0.17206813],[ 2.38860645 -0.1045033  -0.61964948],[ 2.62396558 -0.05745474 -0.97453845],[ 2.38051001  0.1563318  -0.17988333],[ 2.34992822  0.16070885 -0.62748505],[ 2.56772681  0.16695134 -0.99637317]
924,2,3066,"1,64986431860797E+018",salt_shaker_right,[ 0. -0.  0.],[2.21051685 0.03668701 0.6015675 ],[2.217375   0.04899829 0.47045441],[2.29738843 0.03525568 0.10757623],[ 2.29511084  0.03425205 -0.10528291],[2.23682739 0.04565725 0.38223309],[ 2.28669971 -0.12387393  0.39410089],[ 2.42228882 -0.18850995  0.12573355],[ 2.47814014 -0.22288026 -0.14532948],[ 2.4893103  -0.22975433 -0.1995421 ],[2.23682739 0.04565725 0.38223309],[2.20442187 0.22321632 0.37044995],[2.1368689  0.28158728 0.07614967],[ 1.90665979  0.20806142 -0.06303939],[ 1.86061792  0.19335625 -0.0908772 ],[ 2.36119727 -0.06918645 -0.15931155],[ 2.35638965 -0.09766891 -0.60686755],[ 2.60171973 -0.05913128 -0.95656592],[ 2.33287207  0.15540338 -0.15142102],[ 2.32144409  0.16676018 -0.59961871],[ 2.54458887  0.15087045 -0.96556244]
1012,2,3257,"1,6498643193443E+018",sugar_bowl,[ 0. -0.  0.],[2.2543606  0.047787   0.60326685],[2.24426123 0.03970612 0.4723421 ],[2.30150269 0.03533512 0.10552258],[ 2.30621289  0.03754507 -0.11281117],[2.25816626 0.03864432 0.38323447],[ 2.25789575 -0.14214417  0.39020691],[ 2.13021411 -0.26554562  0.14940112],[ 1.99691858 -0.04746349  0.27145114],[ 1.97025952 -0.00384706  0.29586115],[2.25816626 0.03864432 0.38323447],[2.25511304 0.21978452 0.38599615],[2.13469629 0.30947784 0.12720511],[1.96923328 0.12780156 0.26805783],[1.93614062 0.0914663  0.29622836],[ 2.34651733 -0.08074902 -0.1598815 ],[ 2.37632373 -0.09789636 -0.60600397],[ 2.60844165 -0.1073487  -0.97936871],[ 2.33991357  0.1573327  -0.16076341],[ 2.3395603   0.16099582 -0.60819397],[ 2.53753906  0.18325984 -1.00021173]
1167,2,3521,"1,64986432011069E+018",mixer,[ 0. -0.  0.],[2.24932739 0.05199685 0.61587964],[2.25675952 0.0379286  0.48769949],[2.2943689  0.0242966  0.11876663],[ 2.29688379  0.02556204 -0.09926401],[2.26589453 0.03461747 0.39808792],[ 2.26176514 -0.1469875   0.39669247],[ 2.08570117 -0.38422586  0.34908057],[ 1.9455614  -0.35282785  0.58496899],[ 1.91753345 -0.34654825  0.63214667],[2.26589453 0.03461747 0.39808792],[2.29010156 0.21901881 0.39498523],[2.06812769 0.41806561 0.36938202],[2.11569824 0.24794969 0.58166937],[2.1252124  0.21392651 0.62412683],[ 2.34655835 -0.09007153 -0.14116086],[ 2.39005493 -0.10473869 -0.58270398],[ 2.58583643 -0.10636713 -0.95755829],[ 2.33409668  0.14359282 -0.14468829],[ 2.34558374  0.16094249 -0.58812311],[ 2.51184424  0.1416254  -0.97649554]
1247,2,3714,"1,6498643207802E+018",pressure_cooker,[ 0. -0.  0.],[ 2.30782471 -0.1867283   0.48558954],[ 2.28505225 -0.1933774   0.36323233],[ 2.30389575e+00 -1.94025314e-01 -1.22912598e-03],[ 2.30944702 -0.19180875 -0.19929257],[ 2.28954834 -0.19353198  0.27627161],[ 2.29182227 -0.38000922  0.27990549],[ 2.18021313 -0.6463399   0.26639328],[ 2.04012231 -0.87089722  0.34742917],[ 2.01210413 -0.91580865  0.36363635],[ 2.28954834 -0.19353198  0.27627161],[ 2.3247583  -0.00875618  0.28475259],[2.16220752 0.22600397 0.23962993],[1.98683582 0.42959732 0.30605838],[1.95176147 0.47031598 0.31934406],[ 2.3554187  -0.30320026 -0.27640692],[ 2.354802   -0.33115302 -0.69368494],[ 2.354802   -0.33115302 -1.1000376 ],[ 2.34104858 -0.07402015 -0.27406677],[ 2.31651587 -0.08697796 -0.69135901],[ 2.31651587 -0.08697796 -1.09771167]
144,10,1666,"1,64986442972899E+018",teacup,[ 0. -0.  0.],[ 1.88238171 -0.06518041  0.59006195],[ 1.90076599 -0.0488451   0.4503985 ],[ 2.00360632 -0.04697915  0.06071777],[ 2.00636951 -0.04714743 -0.1746629 ],[ 1.92557336 -0.04839499  0.35639862],[ 1.93399902 -0.2440618   0.34691589],[ 2.02093835 -0.33689304  0.0411242 ],[ 1.98470972 -0.37712097 -0.24850897],[ 1.97746399 -0.38516656 -0.30643561],[ 1.92557336 -0.04839499  0.35639862],[1.9401958  0.15668948 0.37214597],[1.99147925 0.32362079 0.09074125],[ 1.80107813  0.28287415 -0.13040442],[ 1.72323035  0.26621439 -0.22082245],[ 2.07369092 -0.16327594 -0.24872198],[ 2.06654199 -0.14582559 -0.71782147],[ 2.06654199 -0.14582559 -1.17150366],[ 2.0363064   0.08573741 -0.24467047],[ 1.90089478  0.09658922 -0.69406543],[ 1.90089478  0.09658922 -1.14774768]
210,10,1804,"1,6498644302807E+018",teapot,[ 0. -0.  0.],[ 1.89677051 -0.04246723  0.60035742],[ 1.89375464 -0.03444851  0.4561792 ],[ 1.96438953 -0.02799655  0.06580353],[ 1.97074036 -0.02175261 -0.17186346],[ 1.91138196 -0.03283839  0.35875861],[ 1.95970789 -0.23948836  0.37104822],[ 2.038526   -0.54956244  0.35571466],[ 1.99750671 -0.83217871  0.44791809],[ 1.98930286 -0.88870197  0.46635876],[ 1.91138196 -0.03283839  0.35875861],[1.9152323  0.17846907 0.36761707],[1.95904956 0.3313934  0.08961068],[ 1.73342664  0.27654239 -0.100499  ],[ 1.688302    0.26557217 -0.13852094],[ 2.03486768 -0.14329382 -0.25721478],[ 2.06999048 -0.14533766 -0.74717151],[ 2.06999048 -0.14533766 -1.20923645],[ 2.01143176  0.1101768  -0.25619073],[ 1.87324768  0.09579258 -0.72735272],[ 1.87324768  0.09579258 -1.18941772]
258,10,1976,"1,64986443075901E+018",spoon,[ 0. -0.  0.],[ 1.89605481 -0.03942401  0.59557324],[ 1.92401904 -0.03851667  0.45387662],[ 1.97837842 -0.02810773  0.06714615],[ 1.97897034 -0.02100005 -0.17250853],[ 1.93779639 -0.03587852  0.35585971],[ 1.93054553 -0.24077679  0.35693661],[ 2.01723071 -0.53923437  0.2503468 ],[ 1.89752954 -0.3808302   0.47599866],[ 1.87358936 -0.34914935  0.52112903],[ 1.93779639 -0.03587852  0.35585971],[1.95505469 0.16543649 0.36562128],[1.91488672 0.45332867 0.21246346],[1.80941968 0.30451062 0.45135449],[1.78832629 0.27474701 0.49913269],[ 2.04239185 -0.13806657 -0.2405144 ],[ 2.03725073 -0.1263362  -0.7315647 ],[ 2.03725073 -0.1263362  -1.19362964],[ 2.01678735  0.10215513 -0.24409175],[ 1.89554687  0.09794131 -0.7200932 ],[ 1.89554687  0.09794131 -1.1821582 ]
517,10,2279,"1,64986443165102E+018",ladle,[ 0. -0.  0.],[ 1.92023279 -0.05049862  0.58580334],[ 1.92491016 -0.04078069  0.44177402],[ 1.98121191 -0.03401533  0.03642026],[ 1.99071179 -0.02833282 -0.19018106],[ 1.93853027 -0.03914405  0.34371332],[ 1.95998291 -0.24193253  0.33662704],[ 1.94734045 -0.35749048  0.02916197],[ 1.6844093  -0.19154863  0.08707959],[ 1.63182312 -0.15836026  0.09866312],[ 1.93853027 -0.03914405  0.34371332],[1.95158411 0.16555301 0.34449631],[1.93179199 0.27048541 0.03361739],[1.69220959 0.0696114  0.08130183],[1.64429309 0.0294366  0.09083871],[ 2.05331592 -0.14710904 -0.27700751],[ 2.06209497 -0.13222224 -0.76792163],[ 2.06209497 -0.13222224 -1.22998657],[ 2.03225439  0.10446403 -0.26814575],[ 1.90400623  0.10140481 -0.74231708],[ 1.90400623  0.10140481 -1.20438208]
702,10,2492,"1,64986443219296E+018",initial,[ 0. -0.  0.],[1.91730469 0.05107819 0.59574249],[1.91876514 0.05784161 0.45147583],[2.00212488 0.07023925 0.07299594],[ 2.01394299  0.06196365 -0.16473421],[1.94005188 0.06100747 0.35482727],[ 1.955349   -0.13648302  0.35147467],[ 2.01921533 -0.21240039  0.05387426],[ 1.95354211 -0.23918864 -0.2623287 ],[ 1.94040747 -0.2445463  -0.32556931],[1.94005188 0.06100747 0.35482727],[1.93633472 0.25641293 0.35472144],[1.97887122 0.32288873 0.05110983],[ 1.89065479  0.34538589 -0.25989923],[ 1.87301147  0.34988531 -0.32210104],[ 2.08133691 -0.07396873 -0.23624033],[ 1.98254614 -0.00605653 -0.71249573],[ 1.98254614 -0.00605653 -1.17456067],[ 2.07571948  0.19426804 -0.2473038 ],[ 1.9973844   0.13085847 -0.72796338],[ 1.9973844   0.13085847 -1.19002832]
719,10,2509,"1,64986443222769E+018",shallow_plate,[ 0. -0.  0.],[1.9489762  0.06041022 0.59571838],[1.94164331 0.06115305 0.45147406],[1.98607056 0.0639376  0.07335706],[ 1.98831348  0.06911448 -0.16633138],[1.95319751 0.06187722 0.35313754],[ 1.96840186 -0.13794012  0.36216525],[ 1.93417444 -0.2540141   0.05703245],[ 1.74884778 -0.19412935  0.28153268],[ 1.71178247 -0.1821524   0.32643274],[1.95319751 0.06187722 0.35313754],[1.95349878 0.25749475 0.35329282],[1.86510571 0.34877298 0.05062865],[1.69051672 0.26703244 0.27683575],[1.65559888 0.25068433 0.32207718],[ 2.04676575 -0.05688174 -0.20730515],[ 1.96634656 -0.03931157 -0.69157678],[ 2.33500098  0.22325351 -0.78462244],[ 2.04253613  0.197358   -0.20430106],[ 1.94836096  0.16317181 -0.68519336],[ 1.94836096  0.16317181 -1.1472583 ]
806,10,2831,"1,64986443318586E+018",dinner_plate,[ 0. -0.  0.],[1.92284863 0.03769563 0.60935419],[1.9141897  0.04185158 0.46524136],[1.96529614 0.04797127 0.08050708],[ 1.97989819  0.04823579 -0.15880852],[1.92722632 0.04341264 0.36710016],[ 1.9432843  -0.15552887  0.35874957],[ 1.93924561 -0.31243546  0.06992107],[ 1.77028516 -0.14818222  0.25462178],[ 1.73649304 -0.11533157  0.29156192],[1.92722632 0.04341264 0.36710016],[1.94357971 0.23984908 0.35998328],[1.85711426 0.33852985 0.05858033],[1.73028357 0.13895045 0.2422188 ],[1.70491748 0.09903458 0.27894647],[ 2.03600244 -0.07711528 -0.23888031],[ 1.99114709 -0.07733746 -0.72804626],[ 2.24627734  0.30164282 -0.65885986],[ 2.02887695  0.17641083 -0.23908543],[ 1.93839746  0.14119585 -0.72061285],[ 1.93839746  0.14119585 -1.18267773]
862,10,2993,"1,64986443374467E+018",knife,[ 0. -0.  0.],[ 1.88618677 -0.01330204  0.57861945],[ 1.87418311 -0.00699796  0.43482471],[ 1.9437572  -0.01303947  0.04521436],[ 1.94291089 -0.0159788  -0.19452695],[ 1.89158728 -0.00850926  0.3373624 ],[ 1.90222046 -0.19603635  0.32975436],[ 1.96462695 -0.28628009  0.02007104],[ 1.8862063  -0.30020068 -0.29533487],[ 1.87052222 -0.3029848  -0.35841605],[ 1.89158728 -0.00850926  0.3373624 ],[1.89527686 0.18977084 0.34318152],[1.83593518 0.34284467 0.05859553],[1.68949487 0.20764346 0.31569537],[1.66020679 0.18060323 0.36711536],[ 2.00778357 -0.13910393 -0.26493298],[ 1.95789404 -0.07671199 -0.74961188],[ 1.95789404 -0.07671199 -1.21167676],[ 1.98109033  0.12157825 -0.25820728],[ 1.76843628  0.12415195 -0.70100183],[ 1.76843628  0.12415195 -1.16306677]
1008,10,3266,"1,64986443485813E+018",fork,[ 0. -0.  0.],[ 1.87983179 -0.01711872  0.57171063],[ 1.86722656 -0.01942199  0.42784766],[1.93142346e+00 6.57602310e-04 4.34728088e-02],[ 1.93352258  0.01080795 -0.19606384],[ 1.88351624 -0.01432688  0.33031418],[ 1.89792261 -0.22133435  0.32999304],[ 1.87133191 -0.33588159  0.02303107],[ 1.70496082 -0.29360126  0.25827301],[ 1.67168665 -0.2851452   0.30532141],[ 1.88351624 -0.01432688  0.33031418],[1.89584595 0.18584277 0.33655872],[1.81776416 0.29785382 0.03754272],[1.68093738 0.24075023 0.2881886 ],[1.65357202 0.22932951 0.33831778],[ 1.97486218 -0.1137197  -0.27021185],[ 1.95628552 -0.07334174 -0.75941516],[ 1.95628552 -0.07334174 -1.2214801 ],[ 1.96550647  0.14071643 -0.264742  ],[ 1.76243066  0.12200972 -0.7116264 ],[ 1.76243066  0.12200972 -1.17369141]
1176,10,3604,"1,64986443584147E+018",salt_shaker_right,[ 0. -0.  0.],[ 1.8712605  -0.00401456  0.5843407 ],[ 1.88489111e+00 -4.10109460e-04  4.40597961e-01],[ 1.96787927 -0.01156197  0.04911273],[ 1.97082275 -0.01134274 -0.1906299 ],[ 1.9054165  -0.00316829  0.3437724 ],[ 1.91453784 -0.19930936  0.33935361],[ 2.09137451 -0.28575696  0.05806181],[ 2.17059595 -0.31761197 -0.23729361],[ 2.18644019 -0.32398297 -0.29636469],[ 1.9054165  -0.00316829  0.3437724 ],[1.92564832 0.19924348 0.34485068],[1.86938367 0.26547162 0.01270982],[1.6158103  0.21574922 0.17930435],[1.56509558 0.20580475 0.21262326],[ 2.04553064 -0.1246992  -0.26191187],[ 1.95529138 -0.07729517 -0.74243787],[ 1.95529138 -0.07729517 -1.20450281],[ 2.0092157   0.12603178 -0.24924933],[ 1.87654102  0.13366171 -0.72214954],[ 1.87654102  0.13366171 -1.18421448]
1189,10,3617,"1,64986443587739E+018",salt_shaker_left,[ 0. -0.  0.],[1.87135339 0.00400401 0.58437231],[1.88453271e+00 3.80967468e-04 4.40588013e-01],[1.9483689  0.01735463 0.05531412],[ 1.95493994  0.0215463  -0.18431996],[1.90070276 0.00468047 0.34299634],[ 1.90012744 -0.19305249  0.3368623 ],[ 1.85683569 -0.24297458  0.00241812],[ 1.61362231 -0.17841542  0.16997591],[ 1.56497961 -0.16550359  0.20348746],[1.90070276 0.00468047 0.34299634],[1.93257495 0.19387019 0.34746133],[2.0945144  0.28954175 0.0631342 ],[ 2.14147656  0.38183319 -0.22089581],[ 2.1508689   0.40029147 -0.27770181],[ 2.00552112 -0.09554521 -0.26052411],[ 1.94625903 -0.02502014 -0.74302765],[ 1.94625903 -0.02502014 -1.20509253],[ 2.00109961  0.14970953 -0.24527542],[ 1.88758997  0.13726306 -0.72303687],[ 1.88758997  0.13726306 -1.18510181]
1357,10,3868,"1,64986443664934E+018",sugar_bowl,[ 0. -0.  0.],[1.91725696 0.05757354 0.5978761 ],[1.93796143 0.06243628 0.45501804],[1.98920496 0.06926271 0.06923544],[ 1.99273474  0.07119216 -0.17049162],[1.95099719 0.06417284 0.35687964],[ 1.97183459 -0.13173474  0.36050131],[ 1.94565955 -0.23903392  0.05088925],[ 1.70498132 -0.08253091  0.1423739 ],[ 1.6568457  -0.0512303   0.16067084],[1.95099719 0.06417284 0.35687964],[1.96308984 0.25863193 0.36196423],[1.92238623 0.34306406 0.04688912],[1.67887598 0.19514822 0.14493153],[1.63017395 0.16556506 0.16454001],[ 2.03737439 -0.05961903 -0.19140236],[ 1.96487915 -0.04910112 -0.67712769],[ 2.32621875  0.18578502 -0.84376001],[ 2.04780591  0.19636852 -0.19477203],[ 1.98169849  0.14666043 -0.67897687],[ 1.98169849  0.14666043 -1.14104175]
1500,10,4087,"1,64986443736067E+018",mixer,[ 0. -0.  0.],[1.92961499 0.00929287 0.60227301],[1.94072583 0.02953104 0.45969769],[1.99075391 0.04132977 0.08020029],[ 1.98614966  0.04629631 -0.15946486],[1.95366064 0.03258162 0.361578  ],[ 1.97132971 -0.17787738  0.37490088],[ 1.9849823  -0.40092651  0.13381871],[ 1.86391138 -0.31925449  0.39487378],[ 1.83969714 -0.30292007  0.44708478],[1.95366064 0.03258162 0.361578  ],[1.97452185 0.2361555  0.37420203],[1.86929004 0.48578766 0.18800877],[1.65138074 0.33711874 0.32904544],[1.60779883 0.30738495 0.35725278],[ 2.02419812 -0.07948808 -0.19078047],[ 1.96258667 -0.06731658 -0.67796759],[ 2.28204932 -0.19142581 -0.9878783 ],[ 2.02403174  0.17120853 -0.18995975],[ 1.98064124  0.14033887 -0.67828302],[ 1.98064124  0.14033887 -1.1403479 ]
1531,10,4118,"1,64986443745758E+018",mixer,[ 0. -0.  0.],[1.93115295 0.04152393 0.60412024],[1.93843872 0.03904618 0.45989285],[1.98845288 0.03786814 0.08026053],[ 1.98152563  0.03704245 -0.15939876],[1.95137158 0.03874156 0.36172595],[ 1.96897852 -0.16477957  0.37161209],[ 1.97684119 -0.38220831  0.12519612],[ 1.7308114  -0.31346039  0.27261276],[ 1.68160547 -0.29971082  0.3020961 ],[1.95137158 0.03874156 0.36172595],[1.97368018 0.24139487 0.36998093],[1.84209973 0.45850162 0.16115279],[1.82832129 0.35191357 0.43581219],[1.82556555 0.33059598 0.49074408],[ 2.02772485 -0.08607279 -0.20275516],[ 1.97423901 -0.07809982 -0.69098767],[ 2.29370117  0.23376205 -0.81011035],[ 2.02626343  0.16234918 -0.2002103 ],[ 1.97670508  0.13421494 -0.68811169],[ 1.97670508  0.13421494 -1.15017664]
1565,10,4250,"1,64986443790533E+018",initial,[ 0. -0.  0.],[1.89280396 0.05209208 0.70660876],[1.90438989 0.05590692 0.56359436],[2.00519617 0.06260887 0.18591754],[ 2.03131934  0.05726006 -0.05235587],[1.92992065 0.05760429 0.46794193],[ 1.9490094  -0.13320328  0.45345865],[ 2.01059827 -0.21542303  0.15131277],[ 1.960745   -0.25007726 -0.15590373],[ 1.95077429 -0.25700809 -0.21734703],[1.92992065 0.05760429 0.46794193],[1.93711047 0.24860388 0.45551712],[2.01152686 0.33242838 0.15671773],[ 1.92698889  0.34783054 -0.1444207 ],[ 1.9100813   0.35091098 -0.20464839],[ 2.09428857 -0.06974598 -0.12582294],[ 2.0777168  -0.04605495 -0.63311938],[ 2.0777168  -0.04605495 -1.09518433],[ 2.08490186  0.18734012 -0.12815875],[ 2.07697534  0.14991457 -0.6348363 ],[ 2.07697534  0.14991457 -1.09690125]
1583,10,4268,"1,6498644380027E+018",pressure_cooker,[ 0. -0.  0.],[ 1.88716321 -0.14809293  0.68173877],[ 1.92194946 -0.14026459  0.55677289],[ 1.99460315 -0.13539569  0.20259387],[ 2.00253064 -0.13998335  0.00239993],[ 1.93985022 -0.13906497  0.46950873],[ 1.91817627 -0.33741241  0.46212592],[ 1.93237683 -0.5687793   0.27294711],[ 1.75841968 -0.77481757  0.35859329],[ 1.7236283  -0.81602521  0.37572253],[ 1.93985022 -0.13906497  0.46950873],[1.96697314 0.05704877 0.47382788],[1.96526331 0.2180206  0.22162553],[1.76710522 0.40629691 0.29465607],[1.72747363 0.44395218 0.30926218],[ 2.04901978 -0.25346268 -0.08591011],[ 2.01492407 -0.25165498 -0.52570721],[ 2.01492407 -0.25165498 -0.94145026],[ 2.05306982 -0.0323354  -0.09085596],[ 2.0690835  -0.05901234 -0.53087787],[ 2.0690835  -0.05901234 -0.94662091]
59,13,1019,"1,64986444834242E+018",teacup,[ 0. -0.  0.],[ 2.05669434 -0.0454435   0.42847968],[ 2.04306445 -0.05164052  0.29268463],[ 2.09293945 -0.04616141 -0.07312979],[ 2.08722241 -0.04296706 -0.29982373],[ 2.05571533 -0.05025073  0.19989502],[ 2.06403027 -0.241056    0.20513632],[ 2.14492041 -0.40880157 -0.06580997],[ 1.95440503 -0.23031976 -0.226005  ],[ 1.916302   -0.1946234  -0.25804401],[ 2.05571533 -0.05025073  0.19989502],[2.07697925 0.12855017 0.19088293],[ 2.05505127  0.18348351 -0.13252885],[ 1.96861621  0.19324767 -0.42620877],[ 1.95132922  0.1952005  -0.48494476],[ 2.12261328 -0.16997556 -0.37213254],[ 2.04063403 -0.18750027 -0.8291485 ],[ 2.04063403 -0.18750027 -1.26621338],[ 2.12522949  0.08471255 -0.36956689],[ 2.05702271  0.02544788 -0.82533752],[ 2.05702271  0.02544788 -1.26240234]
191,13,1220,"1,64986444838522E+018",teapot,[ 0. -0.  0.],[ 2.02971509 -0.07013761  0.44050104],[ 2.01587671 -0.06984473  0.30445651],[ 2.06616357 -0.06296753 -0.06194641],[ 2.04978857 -0.06039423 -0.28834286],[ 2.02862122 -0.06810179  0.2115965 ],[ 2.02599121 -0.26124054  0.2051599 ],[ 2.12380273 -0.40526791 -0.06504118],[ 1.94030286 -0.31310831 -0.26610669],[ 1.90360291 -0.29467639 -0.30631979],[ 2.02862122 -0.06810179  0.2115965 ],[2.05771484 0.12551141 0.22272513],[2.03434778 0.44540839 0.24369022],[1.97177905 0.6891001  0.38258774],[1.95926526 0.73783844 0.41036725],[ 2.08521362 -0.18431042 -0.34339404],[ 1.98612695 -0.17777956 -0.79774841],[ 1.98612695 -0.17777956 -1.23522559],[ 2.08898535  0.05904309 -0.34888336],[ 2.00991711 -0.00678449 -0.80244006],[ 2.00991711 -0.00678449 -1.23991724]
355,13,1529,"1,64986444845028E+018",spoon,[ 0. -0.  0.],[ 2.15859351 -0.04203017  0.50738593],[ 2.16146875 -0.04619674  0.37073282],[ 2.13108032 -0.06672124 -0.01637476],[ 2.11808569 -0.06626958 -0.22639886],[ 2.15414233 -0.05114505  0.27740393],[ 2.1517959  -0.24373828  0.31550336],[ 1.92718628 -0.41839996  0.44162869],[ 2.02105603 -0.27070139  0.67327826],[ 2.03982996 -0.24116167  0.71960815],[ 2.15414233 -0.05114505  0.27740393],[2.16765381 0.14203171 0.28888959],[1.96085767 0.31804184 0.44094073],[2.0250957  0.20829366 0.7019325 ],[2.03794336 0.18634402 0.75413086],[ 2.15914551 -0.19121609 -0.31458423],[ 2.11100439 -0.1854767  -0.79126508],[ 2.11100439 -0.1854767  -1.22874231],[ 2.16285889  0.05084505 -0.32376813],[ 2.10639307  0.00955001 -0.79777399],[ 2.10639307  0.00955001 -1.23525122]
565,13,1760,"1,64986444849911E+018",ladle,[ 0. -0.  0.],[ 2.07566235 -0.04372796  0.42420673],[ 2.05458154 -0.06205837  0.29077234],[ 2.07029395 -0.06460649 -0.09284302],[ 2.06432593 -0.07197229 -0.31964746],[ 2.05841797 -0.06268054  0.19710623],[ 2.06365527 -0.2441778   0.19978378],[ 2.087177   -0.32955609 -0.09857993],[ 1.85305286 -0.19543419 -0.19141589],[ 1.80622803 -0.1686098  -0.20998309],[ 2.05841797 -0.06268054  0.19710623],[2.08768115 0.11268436 0.191283  ],[ 2.10332983  0.18553351 -0.11089541],[ 1.86963513  0.05763892 -0.21312611],[ 1.82289624  0.03206001 -0.23357225],[ 2.10065869 -0.20009738 -0.36453094],[ 2.01973267 -0.23713687 -0.82101508],[ 2.01973267 -0.23713687 -1.25849231],[ 2.11308862  0.04866479 -0.37277625],[ 2.01023193  0.02335324 -0.82563214],[ 2.01023193  0.02335324 -1.26310937]
720,13,1946,"1,64986444853771E+018",shallow_plate,[ 0. -0.  0.],[ 2.03525708 -0.04330062  0.4086236 ],[ 2.01259961 -0.05530743  0.28538727],[ 2.02785779 -0.0643899  -0.09977103],[ 2.01618506 -0.06636511 -0.32645868],[ 2.01630945 -0.05751574  0.19174002],[ 2.01492493 -0.24213283  0.19226262],[ 2.00516003 -0.38825467 -0.07154638],[ 1.80290076 -0.31986285  0.11974683],[ 1.76244885 -0.30618448  0.15800546],[ 2.01630945 -0.05751574  0.19174002],[2.0339342  0.1273651  0.18661014],[ 1.9561106   0.23590735 -0.08395262],[1.78213721 0.20087346 0.14118123],[1.74734253 0.19386668 0.18620801],[ 2.05041772 -0.18949857 -0.38509088],[ 1.94509766 -0.16339999 -0.83733569],[ 1.94509766 -0.16339999 -1.27481299],[ 2.05703906  0.04879145 -0.39488934],[ 1.98823926  0.00484201 -0.85274719],[ 1.98823926  0.00484201 -1.29022437]
760,13,2264,"1,64986444860678E+018",dinner_plate,[ 0. -0.  0.],[ 2.05721509 -0.0355266   0.42961105],[ 2.03184375 -0.04242358  0.29467218],[ 2.04122021 -0.06188182 -0.0813244 ],[ 2.03563623 -0.06120716 -0.30946875],[ 2.03419019 -0.04729293  0.20058041],[ 2.03413208 -0.23873422  0.1998076 ],[ 2.01748743 -0.46328333 -0.01741233],[ 1.85405627 -0.28247507  0.13227861],[ 1.82137    -0.24631342  0.1622168 ],[ 2.03419019 -0.04729293  0.20058041],[2.03757104 0.14504144 0.18346762],[ 1.89748657  0.3371525  -0.01988794],[1.82881885 0.11873911 0.15154445],[1.81508533 0.07505643 0.18583093],[ 2.06980908 -0.18143762 -0.37663333],[ 1.95688428 -0.17997173 -0.83034985],[ 1.95688428 -0.17997173 -1.27016125],[ 2.07335889  0.05091363 -0.38746637],[ 1.99133447 -0.00788114 -0.84400555],[ 1.99133447 -0.00788114 -1.28381689]
817,13,2448,"1,64986444867731E+018",knife,[ 0. -0.  0.],[ 2.04785278 -0.03270488  0.44468054],[ 2.03128369 -0.06950987  0.31410065],[ 2.05163086 -0.06224038 -0.06385849],[ 2.04466553 -0.05943633 -0.29194858],[ 2.03634912 -0.06770013  0.22000739],[ 2.03272437 -0.27800366  0.24300903],[ 1.94962744 -0.49497589  0.03343124],[ 1.87718188 -0.32816312  0.27460266],[ 1.86269275 -0.29480057  0.32283694],[ 2.03634912 -0.06770013  0.22000739],[2.04810791 0.11526085 0.19534674],[ 2.02797766  0.18300955 -0.10946429],[ 1.9483031   0.17680402 -0.4007579 ],[ 1.93236816  0.17556291 -0.45901663],[ 2.07591992 -0.18418127 -0.35803012],[ 1.97192114 -0.12948228 -0.81058447],[ 1.97192114 -0.12948228 -1.25039587],[ 2.08904248  0.06022644 -0.35961926],[ 1.98311133  0.03158948 -0.81412073],[ 1.98311133  0.03158948 -1.25393213]
903,13,2690,"1,64986444872886E+018",initial,[ 0. -0.  0.],[ 2.03558777 -0.04196445  0.42009094],[ 2.00780542 -0.0466244   0.28553168],[ 2.04951807 -0.06569556 -0.08427841],[ 2.04059106 -0.07074346 -0.31226154],[ 2.0183551  -0.05144777  0.19200139],[ 2.01898572 -0.23034628  0.19435864],[ 2.044651   -0.30562476 -0.12594333],[ 1.92695874 -0.34240436 -0.40395612],[ 1.90342029 -0.34976028 -0.45955869],[ 2.0183551  -0.05144777  0.19200139],[2.03295105 0.12885071 0.18176541],[ 2.0122251   0.17902359 -0.14376807],[ 1.92320459  0.18640686 -0.43448465],[ 1.90540051  0.18788351 -0.49262796],[ 2.09157129 -0.19942148 -0.3786618 ],[ 2.09157129 -0.19942148 -0.8462226 ],[ 2.09157129 -0.19942148 -1.28603394],[ 2.08159229  0.05893189 -0.38345795],[ 1.96902881 -0.04970963 -0.82407056],[ 1.96902881 -0.04970963 -1.26388196]
953,13,2740,"1,64986444873934E+018",fork,[ 0. -0.  0.],[ 2.05865112 -0.03415339  0.43034393],[ 2.03591919 -0.05065012  0.29576959],[ 2.03449841 -0.07046213 -0.08475983],[ 2.02298352 -0.06957278 -0.31268106],[ 2.03556775 -0.05555035  0.20165082],[ 2.03003699 -0.25302127  0.2127908 ],[ 1.87195898e+00 -4.19358582e-01  8.63380432e-05],[ 1.75573218 -0.34471042  0.25010294],[ 1.73248682 -0.32978079  0.30010626],[ 2.03556775 -0.05555035  0.20165082],[2.05816064 0.14637439 0.20324484],[ 1.85279321  0.25411414 -0.00679372],[1.78551038 0.19006241 0.26331693],[1.77205383 0.17725206 0.31733905],[ 2.06717798 -0.18762032 -0.36008383],[ 1.95247485 -0.18869266 -0.81335547],[ 1.95247485 -0.18869266 -1.25316687],[ 2.05702344  0.05428835 -0.35503674],[ 1.97911475 -0.01199915 -0.81127063],[ 1.97911475 -0.01199915 -1.25108203]
1023,13,3010,"1,64986444879651E+018",salt_shaker_right,[ 0. -0.  0.],[ 2.02210815 -0.04736015  0.42252966],[ 2.01297119 -0.04999335  0.28538245],[ 2.04212158 -0.06431878 -0.08931415],[ 2.03848083 -0.07194368 -0.31724103],[ 2.020276   -0.05358315  0.19148767],[ 2.02137927 -0.24253394  0.19171481],[ 2.12626807 -0.32665546 -0.09181082],[ 2.13854102 -0.4193739  -0.37265732],[ 2.14099561 -0.4379176  -0.42882663],[ 2.020276   -0.05358315  0.19148767],[2.02335474 0.13689764 0.18107462],[ 1.94162659  0.24370483 -0.10243487],[ 1.64588953  0.24002484 -0.09026472],[ 1.58674207  0.23928885 -0.0878307 ],[ 2.07801416 -0.19122906 -0.37722012],[ 1.97965088 -0.1623414  -0.83340356],[ 1.97965088 -0.1623414  -1.27321497],[ 2.07661719  0.04291496 -0.38606094],[ 1.99092444 -0.01710577 -0.8417663 ],[ 1.99092444 -0.01710577 -1.28157764]
1071,13,3058,"1,64986444880672E+018",salt_shaker_left,[ 0. -0.  0.],[ 2.02658972 -0.05073346  0.41589182],[ 2.01166943 -0.05301633  0.28572174],[ 2.05208911 -0.05859754 -0.08677621],[ 2.04232178 -0.06033754 -0.31477411],[ 2.02183533 -0.05442005  0.19203523],[ 2.01928186 -0.2406218   0.19256509],[ 2.03181909 -0.35316147 -0.11021342],[ 1.75970715 -0.38196283 -0.19497092],[ 1.70528479 -0.38772311 -0.21192242],[ 2.02183533 -0.05442005  0.19203523],[2.03714038 0.1268148  0.18110855],[ 2.11090625  0.20398575 -0.12401512],[ 2.03359106  0.2660986  -0.39275793],[ 2.01812805  0.27852118 -0.4465065 ],[ 2.08222314 -0.18673079 -0.38209753],[ 1.99567773 -0.17087418 -0.84130511],[ 1.99567773 -0.17087418 -1.28111646],[ 2.08942798  0.05828551 -0.3906651 ],[ 1.9810863  -0.02893615 -0.83705896],[ 1.9810863  -0.02893615 -1.27687036]
1208,13,3294,"1,64986444885702E+018",sugar_bowl,[ 0. -0.  0.],[ 2.0382345  -0.05551229  0.42837921],[ 2.02044189 -0.06235731  0.29223096],[ 2.04033337 -0.07450961 -0.10887985],[ 2.03320251 -0.08046069 -0.33690442],[ 2.02510779 -0.06520786  0.19814279],[ 2.0307738  -0.25431461  0.19983339],[ 2.02426245 -0.35506265 -0.0963214 ],[ 1.78216321 -0.21366031 -0.04791041],[ 1.73374341 -0.18537984 -0.03822821],[ 2.02510779 -0.06520786  0.19814279],[2.04580383 0.12048525 0.18538045],[ 1.98768677  0.2034696  -0.1106537 ],[ 1.81153833 -0.00782628 -0.038017  ],[ 1.77630859 -0.05008546 -0.02348966],[ 2.06635938 -0.2022049  -0.36853836],[ 2.00570544 -0.20834637 -0.83210767],[ 2.00570544 -0.20834637 -1.27191907],[ 2.07031714  0.03842103 -0.37462616],[ 2.00751855  0.01533148 -0.83737482],[ 2.00751855  0.01533148 -1.27718616]
1320,13,3508,"1,64986444890223E+018",mixer,[ 0. -0.  0.],[ 2.025401   -0.06113353  0.42953445],[ 2.01339014 -0.06267992  0.29259241],[ 2.01516321 -0.07980762 -0.09483936],[ 1.999125  -0.0790016 -0.3224873],[ 2.01382104 -0.06684231  0.19843846],[ 2.01263513 -0.27047537  0.21499863],[ 2.00629675 -0.4513512  -0.04023443],[ 1.88082532 -0.35808185  0.19778795],[ 1.85573108 -0.33942798  0.24539243],[ 2.01382104 -0.06684231  0.19843846],[2.03696899 0.13288519 0.19061868],[ 1.96792566  0.28323065 -0.07495507],[1.83454565 0.32277057 0.17352695],[1.80786963 0.33067856 0.22322336],[ 2.04265454 -0.1967684  -0.38002853],[ 1.95732397 -0.18483633 -0.83958209],[ 1.95732397 -0.18483633 -1.27939343],[ 2.0385343   0.04009236 -0.37997745],[ 1.98563489  0.03308163 -0.84448322],[ 1.98563489  0.03308163 -1.28429456]
1411,13,3712,"1,64986444894643E+018",pressure_cooker,[ 0. -0.  0.],[ 1.98585156 -0.20672159  0.41951273],[ 2.00544971 -0.22462857  0.30523517],[ 2.05680444 -0.23672003 -0.04670581],[ 2.05074634 -0.24032909 -0.25275775],[ 2.01789197 -0.22755811  0.21996646],[ 2.00264355 -0.41737714  0.23321483],[ 1.98702893 -0.50306451 -0.03194807],[ 1.79984998 -0.40846335  0.13712561],[ 1.76241418 -0.38954312  0.17094034],[ 2.01789197 -0.22755811  0.21996646],[ 2.0344104  -0.04166156  0.21561842],[ 1.98161609  0.02852165 -0.04930526],[ 1.80451978 -0.02563914  0.14633401],[ 1.76910046 -0.03647131  0.18546187],[ 2.07662573 -0.36031842 -0.33772778],[ 2.01164075 -0.39010114 -0.75995624],[ 2.38951294 -0.35947388 -0.89474634],[ 2.08244751 -0.12348261 -0.33897821],[ 2.02843481 -0.14750142 -0.76311572],[ 2.32111963 -0.38979736 -0.63074536]
